﻿<?xml version="1.0" encoding="utf-8"?>
<deployment>
  <id>f4f4a2a7-3e57-4f45-9263-29310de9714b</id>
  <author>N/A</author>
  <deployer>OneDeploy</deployer>
  <authorEmail>N/A</authorEmail>
  <message>OneDeploy</message>
  <progress></progress>
  <status>Success</status>
  <statusText></statusText>
  <lastSuccessEndTime>2026-01-09T20:10:42.7373975Z</lastSuccessEndTime>
  <receivedTime>2026-01-09T20:10:27.9692087Z</receivedTime>
  <startTime>2026-01-09T20:10:29.3187969Z</startTime>
  <endTime>2026-01-09T20:10:42.7373975Z</endTime>
  <complete>True</complete>
  <is_temp>False</is_temp>
  <is_readonly>True</is_readonly>
  <buildSummary />
</deployment>