﻿<?xml version="1.0" encoding="utf-8"?>
<deployment>
  <id>cb74bd88-9ed3-4d6c-832d-9bb32de2066c</id>
  <author>N/A</author>
  <deployer>OneDeploy</deployer>
  <authorEmail>N/A</authorEmail>
  <message>OneDeploy</message>
  <progress></progress>
  <status>Success</status>
  <statusText></statusText>
  <lastSuccessEndTime>2026-01-09T19:41:20.2762884Z</lastSuccessEndTime>
  <receivedTime>2026-01-09T19:41:03.7222491Z</receivedTime>
  <startTime>2026-01-09T19:41:05.7811955Z</startTime>
  <endTime>2026-01-09T19:41:20.2762884Z</endTime>
  <complete>True</complete>
  <is_temp>False</is_temp>
  <is_readonly>True</is_readonly>
  <buildSummary />
</deployment>