﻿<?xml version="1.0" encoding="utf-8"?>
<deployment>
  <id>b0970184-0fc4-438e-8320-0e90525c8c19</id>
  <author>N/A</author>
  <deployer>OneDeploy</deployer>
  <authorEmail>N/A</authorEmail>
  <message>OneDeploy</message>
  <progress></progress>
  <status>Success</status>
  <statusText></statusText>
  <lastSuccessEndTime>2026-01-09T20:40:57.0877416Z</lastSuccessEndTime>
  <receivedTime>2026-01-09T20:40:42.027195Z</receivedTime>
  <startTime>2026-01-09T20:40:43.4236138Z</startTime>
  <endTime>2026-01-09T20:40:57.0877416Z</endTime>
  <complete>True</complete>
  <is_temp>False</is_temp>
  <is_readonly>True</is_readonly>
  <buildSummary />
</deployment>