﻿<?xml version="1.0" encoding="utf-8"?>
<deployment>
  <id>7f7d6991-e490-429b-973e-30b28fc85006</id>
  <author>N/A</author>
  <deployer>OneDeploy</deployer>
  <authorEmail>N/A</authorEmail>
  <message>OneDeploy</message>
  <progress></progress>
  <status>Success</status>
  <statusText></statusText>
  <lastSuccessEndTime>2026-01-09T21:27:39.490828Z</lastSuccessEndTime>
  <receivedTime>2026-01-09T21:27:08.7537095Z</receivedTime>
  <startTime>2026-01-09T21:27:10.9285587Z</startTime>
  <endTime>2026-01-09T21:27:39.490828Z</endTime>
  <complete>True</complete>
  <is_temp>False</is_temp>
  <is_readonly>True</is_readonly>
  <buildSummary />
</deployment>