﻿<?xml version="1.0" encoding="utf-8"?>
<deployment>
  <id>e43275e2-133b-437c-b716-18fe53d0f768</id>
  <author>N/A</author>
  <deployer>OneDeploy</deployer>
  <authorEmail>N/A</authorEmail>
  <message>OneDeploy</message>
  <progress></progress>
  <status>Success</status>
  <statusText></statusText>
  <lastSuccessEndTime>2026-01-09T21:09:05.5632786Z</lastSuccessEndTime>
  <receivedTime>2026-01-09T21:08:51.0451603Z</receivedTime>
  <startTime>2026-01-09T21:08:52.6239258Z</startTime>
  <endTime>2026-01-09T21:09:05.5632786Z</endTime>
  <complete>True</complete>
  <is_temp>False</is_temp>
  <is_readonly>True</is_readonly>
  <buildSummary />
</deployment>