﻿<?xml version="1.0" encoding="utf-8"?>
<deployment>
  <id>c207e460-9b0c-4e95-9740-8a490e707734</id>
  <author>N/A</author>
  <deployer>OneDeploy</deployer>
  <authorEmail>N/A</authorEmail>
  <message>OneDeploy</message>
  <progress></progress>
  <status>Success</status>
  <statusText></statusText>
  <lastSuccessEndTime>2026-01-09T20:36:46.3072413Z</lastSuccessEndTime>
  <receivedTime>2026-01-09T20:36:27.5285831Z</receivedTime>
  <startTime>2026-01-09T20:36:29.0372838Z</startTime>
  <endTime>2026-01-09T20:36:46.3072413Z</endTime>
  <complete>True</complete>
  <is_temp>False</is_temp>
  <is_readonly>True</is_readonly>
  <buildSummary />
</deployment>