﻿<?xml version="1.0" encoding="utf-8"?>
<deployment>
  <id>82002e42-2124-46fd-85ed-d6cfbdb08b49</id>
  <author>N/A</author>
  <deployer>OneDeploy</deployer>
  <authorEmail>N/A</authorEmail>
  <message>OneDeploy</message>
  <progress></progress>
  <status>Success</status>
  <statusText></statusText>
  <lastSuccessEndTime>2026-01-09T21:19:03.3557164Z</lastSuccessEndTime>
  <receivedTime>2026-01-09T21:18:47.8270544Z</receivedTime>
  <startTime>2026-01-09T21:18:49.1814962Z</startTime>
  <endTime>2026-01-09T21:19:03.3557164Z</endTime>
  <complete>True</complete>
  <is_temp>False</is_temp>
  <is_readonly>True</is_readonly>
  <buildSummary />
</deployment>