﻿<?xml version="1.0" encoding="utf-8"?>
<deployment>
  <id>e92a0476-a32c-4904-8256-2de260d3627d</id>
  <author>N/A</author>
  <deployer>OneDeploy</deployer>
  <authorEmail>N/A</authorEmail>
  <message>OneDeploy</message>
  <progress></progress>
  <status>Success</status>
  <statusText></statusText>
  <lastSuccessEndTime>2026-01-09T20:58:50.685086Z</lastSuccessEndTime>
  <receivedTime>2026-01-09T20:58:35.9495411Z</receivedTime>
  <startTime>2026-01-09T20:58:37.294491Z</startTime>
  <endTime>2026-01-09T20:58:50.685086Z</endTime>
  <complete>True</complete>
  <is_temp>False</is_temp>
  <is_readonly>True</is_readonly>
  <buildSummary />
</deployment>