﻿<?xml version="1.0" encoding="utf-8"?>
<deployment>
  <id>133e70bb-78a9-40fd-80ce-4e98f19b9394</id>
  <author>N/A</author>
  <deployer>OneDeploy</deployer>
  <authorEmail>N/A</authorEmail>
  <message>OneDeploy</message>
  <progress></progress>
  <status>Success</status>
  <statusText></statusText>
  <lastSuccessEndTime>2026-01-09T20:52:50.804177Z</lastSuccessEndTime>
  <receivedTime>2026-01-09T20:52:35.5401006Z</receivedTime>
  <startTime>2026-01-09T20:52:36.9068684Z</startTime>
  <endTime>2026-01-09T20:52:50.804177Z</endTime>
  <complete>True</complete>
  <is_temp>False</is_temp>
  <is_readonly>True</is_readonly>
  <buildSummary />
</deployment>