﻿<?xml version="1.0" encoding="utf-8"?>
<deployment>
  <id>b448a13b-b5dd-4f89-ae7e-b28ec95c6beb</id>
  <author>N/A</author>
  <deployer>OneDeploy</deployer>
  <authorEmail>N/A</authorEmail>
  <message>OneDeploy</message>
  <progress></progress>
  <status>Success</status>
  <statusText></statusText>
  <lastSuccessEndTime>2026-01-09T20:46:11.5332861Z</lastSuccessEndTime>
  <receivedTime>2026-01-09T20:45:52.7284986Z</receivedTime>
  <startTime>2026-01-09T20:45:54.1440432Z</startTime>
  <endTime>2026-01-09T20:46:11.5332861Z</endTime>
  <complete>True</complete>
  <is_temp>False</is_temp>
  <is_readonly>True</is_readonly>
  <buildSummary />
</deployment>