<step title="BackgroundTrace" date="2026-01-09T18:54:11.719" instance="38949c" url="/api/publish" method="POST" >
  <step title="Cleanup Xml Logs" date="2026-01-09T18:54:11.749" /><!-- duration: 30ms -->
  <step title="Creating temporary deployment - FetchDeploymentManager" date="2026-01-09T18:54:11.980" /><!-- duration: 40ms -->
  <step title="Creating temporary deployment" date="2026-01-09T18:54:12.040" /><!-- duration: 349ms -->
  <step title="Performing fetch based deployment" date="2026-01-09T18:54:12.651" >
    <step title="Cleaning up temp folders from previous zip deployments and extracting pushed zip file /tmp/zipdeploy/c28d747f-62ba-4a04-9cb8-67dfa8c91f48.zip (15.12 MB) to /tmp/zipdeploy/extracted" date="2026-01-09T18:54:15.497" >
      <step title="ChmodRecursive Process exited with total time taken in ms: 567" date="2026-01-09T18:55:09.848" /><!-- duration: 29ms -->
    </step><!-- duration: 54411ms -->
    <step title="Deployment timer started" date="2026-01-09T18:55:12.182" >
      <step title="DeploymentManager.Deploy(id:5d413146-26ff-4e3d-922a-3d27cff95671)" date="2026-01-09T18:55:12.242" >
        <step title="Collecting changeset information" date="2026-01-09T18:55:12.349" /><!-- duration: 362ms -->
        <step title="Updating submodules" date="2026-01-09T18:55:12.721" /><!-- duration: 1268ms -->
        <step title="Determining deployment builder" date="2026-01-09T18:55:14.873" >
          <step title="Builder is OneDeployBuilder" date="2026-01-09T18:55:14.926" /><!-- duration: 3ms -->
        </step><!-- duration: 74ms -->
        <step title="PreDeployment: context.CleanOutputPath False" date="2026-01-09T18:55:15.145" >
          <step title="PreDeployment: context.OutputPath /home/site/wwwroot" date="2026-01-09T18:55:15.336" >
            <step title="Building" date="2026-01-09T18:55:15.595" >
              <step title="Executing external process" date="2026-01-09T18:55:17.715" type="process" path="starter.sh" arguments="/opt/Kudu/Scripts/absoluteTar.sh /tmp/zipdeploy/extracted/node_modules /tmp/zipdeploy/extracted/node_modules.tar.gz" /><!-- duration: 49479ms -->
              <step title="Executing external process" date="2026-01-09T18:56:07.516" type="process" path="starter.sh" arguments="/opt/Kudu/Scripts/parallel_rsync.sh /tmp/zipdeploy/extracted /home/site/wwwroot 8 /tmp/ False False node_modules " /><!-- duration: 3599ms -->
              <step title="Modified file to trigger a restart of the app container." date="2026-01-09T18:56:12.043" /><!-- duration: 5ms -->
              <step title="Skip function trigger and logicapp sync because function is not enabled." date="2026-01-09T18:56:12.078" /><!-- duration: 9ms -->
            </step><!-- duration: 57599ms -->
          </step><!-- duration: 57881ms -->
          <step title="Cleaning up temp files" date="2026-01-09T18:56:13.229" /><!-- duration: 7ms -->
          <step title="Cleaning up temp files" date="2026-01-09T18:56:13.240" /><!-- duration: 506ms -->
          <step title="Reloading status file with latest updates" date="2026-01-09T18:56:13.787" >
            <step title="WebHooksManager.PublishEventAsync: PostDeployment" date="2026-01-09T18:56:13.796" /><!-- duration: 23ms -->
          </step><!-- duration: 35ms -->
          <step title="Cleaning up temporary deployment - fetch deployment was successful" date="2026-01-09T18:56:13.828" /><!-- duration: 5ms -->
        </step><!-- duration: 58752ms -->
      </step><!-- duration: 61799ms -->
