<step title="Incoming Request" date="2026-01-09T20:58:31.289" instance="38949c" url="/api/deployments/latest?deployer=OneDeploy&amp;time=2026-01-09_20-58-24Z" method="GET" type="request" pid="853,1,20" Host="storagewebapp-e7aybcgsdad3hya7.scm.uksouth-01.azurewebsites.net" User-Agent="GITHUBACTIONS_DeployWebAppToAzure_618ad395445cc673173894fb9b5acb391e877c2027b830e7ec6356e2472f166d" Authorization="Bea..." Content-Type="application/json; charset=utf-8" Cookie="ARRAffinity=38949c4b114756bd7c43b83351207323f54ddbaae52cdb25fe8249c2ae421de3;Path=/;HttpOnly;Secure;Domain=storagewebapp-e7aybcgsdad3hya7.scm.uksouth-01.azurewebsites.net; ARRAffinitySameSite=38949c4b114756bd7c43b83351207323f54ddbaae52cdb25fe8249c2ae421de3;Path=/;HttpOnly;SameSite=None;Secure;Domain=storagewebapp-e7aybcgsdad3hya7.scm.uksouth-01.azurewebsites.net" Content-Length="0" X-ARR-LOG-ID="16a82bc0-c736-41de-ab26-9079625779a9" CLIENT-IP="135.232.208.112:31680" X-SITE-DEPLOYMENT-ID="storagewebapp" WAS-DEFAULT-HOSTNAME="storagewebapp-e7aybcgsdad3hya7.scm.uksouth-01.azurewebsites.net" X-Forwarded-Proto="https" X-AppService-Proto="https" X-Forwarded-TlsVersion="1.3" X-WAWS-Unencoded-URL="/api/deployments/latest?deployer=OneDeploy&amp;time=2026-01-09_20-58-24Z" X-Client-IP="135.232.208.112" X-Client-Port="31680" >
  <step title="Cleanup Xml Logs" date="2026-01-09T20:58:31.300" >
    <step title="Cleanup Infos" date="2026-01-09T20:58:31.322" totalFiles="236" totalCleanup="76" /><!-- duration: 19ms -->
  </step><!-- duration: 51ms -->
  <step title="DeploymentService.GetResult" date="2026-01-09T20:58:31.411" >
    <step title="DeploymentService.GetLatestDeployment" date="2026-01-09T20:58:31.420" >
      <step title="DeploymentManager.GetResults" date="2026-01-09T20:58:31.430" /><!-- duration: 884ms -->
    </step><!-- duration: 913ms -->
  </step><!-- duration: 942ms -->
  <step title="Outgoing response" date="2026-01-09T20:58:32.363" type="response" statusCode="202" statusText="Accepted" /><!-- duration: 10ms -->
</step><!-- duration: 1095ms -->
