<step title="BackgroundTrace" date="2026-01-09T17:02:24.176" instance="f07aec" url="/api/publish" method="POST" >
  <step title="Cleanup Xml Logs" date="2026-01-09T17:02:24.194" /><!-- duration: 50ms -->
  <step title="Creating temporary deployment - FetchDeploymentManager" date="2026-01-09T17:02:24.729" /><!-- duration: 38ms -->
  <step title="Creating temporary deployment" date="2026-01-09T17:02:24.790" /><!-- duration: 672ms -->
  <step title="Performing fetch based deployment" date="2026-01-09T17:02:25.995" >
    <step title="Cleaning up temp folders from previous zip deployments and extracting pushed zip file /tmp/zipdeploy/9be56903-f5cc-4530-8817-3c6cc382ded2.zip (14.91 MB) to /tmp/zipdeploy/extracted" date="2026-01-09T17:02:27.396" >
      <step title="ChmodRecursive Process exited with total time taken in ms: 341" date="2026-01-09T17:02:39.856" /><!-- duration: 7ms -->
    </step><!-- duration: 12471ms -->
    <step title="Deployment timer started" date="2026-01-09T17:02:41.890" >
      <step title="DeploymentManager.Deploy(id:f0a494b0-43f6-4d83-8372-879a74bb6439)" date="2026-01-09T17:02:41.897" >
        <step title="Collecting changeset information" date="2026-01-09T17:02:41.944" /><!-- duration: 109ms -->
        <step title="Updating submodules" date="2026-01-09T17:02:42.082" /><!-- duration: 1152ms -->
        <step title="Determining deployment builder" date="2026-01-09T17:02:43.524" >
          <step title="Builder is OneDeployBuilder" date="2026-01-09T17:02:43.606" /><!-- duration: 21ms -->
        </step><!-- duration: 121ms -->
        <step title="PreDeployment: context.CleanOutputPath False" date="2026-01-09T17:02:43.706" >
          <step title="PreDeployment: context.OutputPath /home/site/wwwroot" date="2026-01-09T17:02:43.851" >
            <step title="Building" date="2026-01-09T17:02:44.037" >
              <step title="Executing external process" date="2026-01-09T17:02:45.225" type="process" path="starter.sh" arguments="/opt/Kudu/Scripts/absoluteTar.sh /tmp/zipdeploy/extracted/node_modules /tmp/zipdeploy/extracted/node_modules.tar.gz" /><!-- duration: 8343ms -->
              <step title="Executing external process" date="2026-01-09T17:02:54.148" type="process" path="starter.sh" arguments="/opt/Kudu/Scripts/parallel_rsync.sh /tmp/zipdeploy/extracted /home/site/wwwroot 8 /tmp/ False False node_modules " /><!-- duration: 3331ms -->
              <step title="Modified file to trigger a restart of the app container." date="2026-01-09T17:02:58.736" /><!-- duration: 5ms -->
              <step title="Skip function trigger and logicapp sync because function is not enabled." date="2026-01-09T17:02:58.746" /><!-- duration: 3ms -->
            </step><!-- duration: 15882ms -->
          </step><!-- duration: 16109ms -->
          <step title="Cleaning up temp files" date="2026-01-09T17:03:00.000" /><!-- duration: 30ms -->
          <step title="Cleaning up temp files" date="2026-01-09T17:03:00.079" /><!-- duration: 735ms -->
          <step title="Reloading status file with latest updates" date="2026-01-09T17:03:01.068" >
            <step title="WebHooksManager.PublishEventAsync: PostDeployment" date="2026-01-09T17:03:01.119" /><!-- duration: 660ms -->
          </step><!-- duration: 742ms -->
          <step title="Cleaning up temporary deployment - fetch deployment was successful" date="2026-01-09T17:03:01.969" /><!-- duration: 11ms -->
        </step><!-- duration: 18594ms -->
      </step><!-- duration: 20535ms -->
