<step title="Incoming Request" date="2026-01-09T20:36:42.121" instance="38949c" url="/api/deployments/latest?deployer=OneDeploy&amp;time=2026-01-09_20-36-15Z" method="GET" type="request" pid="853,1,32" Host="storagewebapp-e7aybcgsdad3hya7.scm.uksouth-01.azurewebsites.net" User-Agent="GITHUBACTIONS_DeployWebAppToAzure_618ad395445cc673173894fb9b5acb391e877c2027b830e7ec6356e2472f166d" Authorization="Bea..." Content-Type="application/json; charset=utf-8" Cookie="ARRAffinity=38949c4b114756bd7c43b83351207323f54ddbaae52cdb25fe8249c2ae421de3;Path=/;HttpOnly;Secure;Domain=storagewebapp-e7aybcgsdad3hya7.scm.uksouth-01.azurewebsites.net; ARRAffinitySameSite=38949c4b114756bd7c43b83351207323f54ddbaae52cdb25fe8249c2ae421de3;Path=/;HttpOnly;SameSite=None;Secure;Domain=storagewebapp-e7aybcgsdad3hya7.scm.uksouth-01.azurewebsites.net" Content-Length="0" X-ARR-LOG-ID="45a0819c-c708-4765-82a8-fd8ee1f19b3c" CLIENT-IP="20.109.38.245:26625" X-SITE-DEPLOYMENT-ID="storagewebapp" WAS-DEFAULT-HOSTNAME="storagewebapp-e7aybcgsdad3hya7.scm.uksouth-01.azurewebsites.net" X-Forwarded-Proto="https" X-AppService-Proto="https" X-Forwarded-TlsVersion="1.3" X-WAWS-Unencoded-URL="/api/deployments/latest?deployer=OneDeploy&amp;time=2026-01-09_20-36-15Z" X-Client-IP="20.109.38.245" X-Client-Port="26625" >
  <step title="Cleanup Xml Logs" date="2026-01-09T20:36:42.131" >
    <step title="Cleanup Infos" date="2026-01-09T20:36:42.150" totalFiles="200" totalCleanup="40" /><!-- duration: 10ms -->
  </step><!-- duration: 33ms -->
  <step title="DeploymentService.GetResult" date="2026-01-09T20:36:42.190" >
    <step title="DeploymentService.GetLatestDeployment" date="2026-01-09T20:36:42.195" >
      <step title="DeploymentManager.GetResults" date="2026-01-09T20:36:42.204" /><!-- duration: 1551ms -->
    </step><!-- duration: 1572ms -->
  </step><!-- duration: 1593ms -->
  <step title="Outgoing response" date="2026-01-09T20:36:43.802" type="response" statusCode="202" statusText="Accepted" /><!-- duration: 9ms -->
</step><!-- duration: 1696ms -->
