<step title="Incoming Request" date="2026-01-09T21:08:54.663" instance="38949c" url="/api/deployments/latest?deployer=OneDeploy&amp;time=2026-01-09_21-08-38Z" method="GET" type="request" pid="853,1,28" Host="storagewebapp-e7aybcgsdad3hya7.scm.uksouth-01.azurewebsites.net" User-Agent="GITHUBACTIONS_DeployWebAppToAzure_618ad395445cc673173894fb9b5acb391e877c2027b830e7ec6356e2472f166d" Authorization="Bea..." Content-Type="application/json; charset=utf-8" Cookie="ARRAffinity=38949c4b114756bd7c43b83351207323f54ddbaae52cdb25fe8249c2ae421de3;Path=/;HttpOnly;Secure;Domain=storagewebapp-e7aybcgsdad3hya7.scm.uksouth-01.azurewebsites.net; ARRAffinitySameSite=38949c4b114756bd7c43b83351207323f54ddbaae52cdb25fe8249c2ae421de3;Path=/;HttpOnly;SameSite=None;Secure;Domain=storagewebapp-e7aybcgsdad3hya7.scm.uksouth-01.azurewebsites.net" Content-Length="0" X-ARR-LOG-ID="c2a149ae-713b-4533-b025-740d035c6777" CLIENT-IP="52.159.243.16:39873" X-SITE-DEPLOYMENT-ID="storagewebapp" WAS-DEFAULT-HOSTNAME="storagewebapp-e7aybcgsdad3hya7.scm.uksouth-01.azurewebsites.net" X-Forwarded-Proto="https" X-AppService-Proto="https" X-Forwarded-TlsVersion="1.3" X-WAWS-Unencoded-URL="/api/deployments/latest?deployer=OneDeploy&amp;time=2026-01-09_21-08-38Z" X-Client-IP="52.159.243.16" X-Client-Port="39873" >
  <step title="Cleanup Xml Logs" date="2026-01-09T21:08:54.732" >
    <step title="Cleanup Infos" date="2026-01-09T21:08:54.791" totalFiles="249" totalCleanup="89" /><!-- duration: 23ms -->
  </step><!-- duration: 100ms -->
  <step title="DeploymentService.GetResult" date="2026-01-09T21:08:54.853" >
    <step title="DeploymentService.GetLatestDeployment" date="2026-01-09T21:08:54.871" >
      <step title="DeploymentManager.GetResults" date="2026-01-09T21:08:54.891" /><!-- duration: 1057ms -->
    </step><!-- duration: 1096ms -->
  </step><!-- duration: 1125ms -->
  <step title="Outgoing response" date="2026-01-09T21:08:55.999" type="response" statusCode="202" statusText="Accepted" /><!-- duration: 30ms -->
</step><!-- duration: 1404ms -->
