<step title="Incoming Request" date="2026-01-09T12:17:08.615" instance="f07aec" url="/api/publish?async=true&amp;deployer=GITHUB_ONE_DEPLOY&amp;type=zip&amp;message=%7B%22type%22%3A%22deployment%22%2C%22sha%22%3A%22da4a9de0d5e4c100fe4576ed7075fdd94e13fd79%22%2C%22repoName%22%3A%22cooky667%2Fblobstorageapi%22%2C%22actor%22%3A%22cooky667%22%2C%22slotName%22%3A%22Production%22%2C%22commitMessage%22%3A%22Merge%20branch%20%27main%27%20of%20https%3A%2F%2Fgithub.com%2Fcooky667%2Fblobstorageapi%22%7D" method="POST" type="request" pid="855,1,5" Host="storagewebapp-e7aybcgsdad3hya7.scm.uksouth-01.azurewebsites.net" User-Agent="GITHUBACTIONS_DeployWebAppToAzure_618ad395445cc673173894fb9b5acb391e877c2027b830e7ec6356e2472f166d" Authorization="Bea..." Content-Type="application/octet-stream" Cookie="ARRAffinity=f07aec79734d8bf10f3fd4121c637821b5012b69243d980eeadb0c647194e673;Path=/;HttpOnly;Secure;Domain=storagewebapp-e7aybcgsdad3hya7.scm.uksouth-01.azurewebsites.net; ARRAffinitySameSite=f07aec79734d8bf10f3fd4121c637821b5012b69243d980eeadb0c647194e673;Path=/;HttpOnly;SameSite=None;Secure;Domain=storagewebapp-e7aybcgsdad3hya7.scm.uksouth-01.azurewebsites.net" Transfer-Encoding="chunked" X-ARR-LOG-ID="086def28-c064-4e91-b378-691e625039b0" CLIENT-IP="20.62.207.240:11328" X-SITE-DEPLOYMENT-ID="storagewebapp" WAS-DEFAULT-HOSTNAME="storagewebapp-e7aybcgsdad3hya7.scm.uksouth-01.azurewebsites.net" X-Forwarded-Proto="https" X-AppService-Proto="https" X-Forwarded-TlsVersion="1.3" X-WAWS-Unencoded-URL="/api/publish?async=true&amp;deployer=GITHUB_ONE_DEPLOY&amp;type=zip&amp;message=%7B%22type%22%3A%22deployment%22%2C%22sha%22%3A%22da4a9de0d5e4c100fe4576ed7075fdd94e13fd79%22%2C%22repoName%22%3A%22cooky667%2Fblobstorageapi%22%2C%22actor%22%3A%22cooky667%22%2C%22slotName%22%3A%22Production%22%2C%22commitMessage%22%3A%22Merge%20branch%20%27main%27%20of%20https%3A%2F%2Fgithub.com%2Fcooky667%2Fblobstorageapi%22%7D" X-Client-IP="20.62.207.240" X-Client-Port="11328" >
  <step title="Cleanup Xml Logs" date="2026-01-09T12:17:08.627" /><!-- duration: 22ms -->
  <step title="OneDeploy" date="2026-01-09T12:17:09.250" >
    <step title="None repository commit" date="2026-01-09T12:17:09.319" >
      <step title="Commit id: 13f822d9-316b-4cf1-8c23-67d3e77a09e4" date="2026-01-09T12:17:09.351" Message="N/A" AuthorName="N/A" AuthorEmail="N/A" /><!-- duration: 21ms -->
    </step><!-- duration: 103ms -->
    <step title="Starting PushDeployAsync" date="2026-01-09T12:17:09.431" /><!-- duration: 22ms -->
    <step title="Writing artifact to /tmp/zipdeploy/90b45acc-0f8a-4364-a6d2-f0493595526d.zip" date="2026-01-09T12:17:09.599" >
      <step title="Writing multipart request body to /tmp/zipdeploy/90b45acc-0f8a-4364-a6d2-f0493595526d.zip" date="2026-01-09T12:17:09.676" /><!-- duration: 59ms -->
    </step><!-- duration: 1067ms -->
    <step title="Start deployment in the background" date="2026-01-09T12:17:10.804" >
      <step title="Acquiring Deployment Lock" date="2026-01-09T12:17:10.927" /><!-- duration: 11ms -->
      <step title="Acquired Deployment Lock" date="2026-01-09T12:17:11.013" /><!-- duration: 4ms -->
    </step><!-- duration: 718ms -->
  </step><!-- duration: 2312ms -->
  <step title="Outgoing response" date="2026-01-09T12:17:11.642" type="response" statusCode="202" statusText="Accepted" /><!-- duration: 30ms -->
</step><!-- duration: 3095ms -->
