<step title="Incoming Request" date="2026-01-09T21:18:49.172" instance="38949c" url="/api/deployments/latest?deployer=OneDeploy&amp;time=2026-01-09_21-18-35Z" method="GET" type="request" pid="853,1,18" Host="storagewebapp-e7aybcgsdad3hya7.scm.uksouth-01.azurewebsites.net" User-Agent="GITHUBACTIONS_DeployWebAppToAzure_618ad395445cc673173894fb9b5acb391e877c2027b830e7ec6356e2472f166d" Authorization="Bea..." Content-Type="application/json; charset=utf-8" Cookie="ARRAffinity=38949c4b114756bd7c43b83351207323f54ddbaae52cdb25fe8249c2ae421de3;Path=/;HttpOnly;Secure;Domain=storagewebapp-e7aybcgsdad3hya7.scm.uksouth-01.azurewebsites.net; ARRAffinitySameSite=38949c4b114756bd7c43b83351207323f54ddbaae52cdb25fe8249c2ae421de3;Path=/;HttpOnly;SameSite=None;Secure;Domain=storagewebapp-e7aybcgsdad3hya7.scm.uksouth-01.azurewebsites.net" Content-Length="0" X-ARR-LOG-ID="17cd0904-1df2-400a-8b2b-50d54ad30244" CLIENT-IP="172.184.213.164:1025" X-SITE-DEPLOYMENT-ID="storagewebapp" WAS-DEFAULT-HOSTNAME="storagewebapp-e7aybcgsdad3hya7.scm.uksouth-01.azurewebsites.net" X-Forwarded-Proto="https" X-AppService-Proto="https" X-Forwarded-TlsVersion="1.3" X-WAWS-Unencoded-URL="/api/deployments/latest?deployer=OneDeploy&amp;time=2026-01-09_21-18-35Z" X-Client-IP="172.184.213.164" X-Client-Port="1025" >
  <step title="Cleanup Xml Logs" date="2026-01-09T21:18:49.174" >
    <step title="Cleanup Infos" date="2026-01-09T21:18:49.189" totalFiles="257" totalCleanup="97" /><!-- duration: 15ms -->
  </step><!-- duration: 33ms -->
  <step title="DeploymentService.GetResult" date="2026-01-09T21:18:49.225" >
    <step title="DeploymentService.GetLatestDeployment" date="2026-01-09T21:18:49.233" >
      <step title="DeploymentManager.GetResults" date="2026-01-09T21:18:49.248" /><!-- duration: 2139ms -->
    </step><!-- duration: 2165ms -->
  </step><!-- duration: 2182ms -->
  <step title="Outgoing response" date="2026-01-09T21:18:51.436" type="response" statusCode="202" statusText="Accepted" /><!-- duration: 10ms -->
</step><!-- duration: 2287ms -->
