<step title="Incoming Request" date="2026-01-09T19:31:50.785" instance="38949c" url="/api/publish?async=true&amp;deployer=GITHUB_ONE_DEPLOY&amp;type=zip&amp;message=%7B%22type%22%3A%22deployment%22%2C%22sha%22%3A%22e426c6f5711411583c2346966d57d4bf45c7fa51%22%2C%22repoName%22%3A%22cooky667%2Fblobstorageapi%22%2C%22actor%22%3A%22cooky667%22%2C%22slotName%22%3A%22Production%22%2C%22commitMessage%22%3A%22API%3A%20add%20detailed%20error%20logging%20to%20upload%20route%22%7D" method="POST" type="request" pid="853,1,20" Host="storagewebapp-e7aybcgsdad3hya7.scm.uksouth-01.azurewebsites.net" User-Agent="GITHUBACTIONS_DeployWebAppToAzure_618ad395445cc673173894fb9b5acb391e877c2027b830e7ec6356e2472f166d" Authorization="Bea..." Content-Type="application/octet-stream" Cookie="ARRAffinity=38949c4b114756bd7c43b83351207323f54ddbaae52cdb25fe8249c2ae421de3;Path=/;HttpOnly;Secure;Domain=storagewebapp-e7aybcgsdad3hya7.scm.uksouth-01.azurewebsites.net; ARRAffinitySameSite=38949c4b114756bd7c43b83351207323f54ddbaae52cdb25fe8249c2ae421de3;Path=/;HttpOnly;SameSite=None;Secure;Domain=storagewebapp-e7aybcgsdad3hya7.scm.uksouth-01.azurewebsites.net" Transfer-Encoding="chunked" X-ARR-LOG-ID="2b73e276-0035-436f-9f65-e930d8212011" CLIENT-IP="40.76.239.101:57385" X-SITE-DEPLOYMENT-ID="storagewebapp" WAS-DEFAULT-HOSTNAME="storagewebapp-e7aybcgsdad3hya7.scm.uksouth-01.azurewebsites.net" X-Forwarded-Proto="https" X-AppService-Proto="https" X-Forwarded-TlsVersion="1.3" X-WAWS-Unencoded-URL="/api/publish?async=true&amp;deployer=GITHUB_ONE_DEPLOY&amp;type=zip&amp;message=%7B%22type%22%3A%22deployment%22%2C%22sha%22%3A%22e426c6f5711411583c2346966d57d4bf45c7fa51%22%2C%22repoName%22%3A%22cooky667%2Fblobstorageapi%22%2C%22actor%22%3A%22cooky667%22%2C%22slotName%22%3A%22Production%22%2C%22commitMessage%22%3A%22API%3A%20add%20detailed%20error%20logging%20to%20upload%20route%22%7D" X-Client-IP="40.76.239.101" X-Client-Port="57385" >
  <step title="Cleanup Xml Logs" date="2026-01-09T19:31:50.789" /><!-- duration: 25ms -->
  <step title="OneDeploy" date="2026-01-09T19:31:50.844" >
    <step title="Starting PushDeployAsync" date="2026-01-09T19:31:50.865" /><!-- duration: 20ms -->
    <step title="Removing node_modules symlink" date="2026-01-09T19:31:50.907" >
      <step title="Writing artifact to /tmp/zipdeploy/e455dd02-8de3-4724-a2c8-86c0fbdbb79e.zip" date="2026-01-09T19:31:51.148" >
        <step title="Writing multipart request body to /tmp/zipdeploy/e455dd02-8de3-4724-a2c8-86c0fbdbb79e.zip" date="2026-01-09T19:31:51.151" /><!-- duration: 2ms -->
      </step><!-- duration: 839ms -->
      <step title="Start deployment in the background" date="2026-01-09T19:31:52.008" >
        <step title="Acquiring Deployment Lock" date="2026-01-09T19:31:52.039" /><!-- duration: 10ms -->
        <step title="Acquired Deployment Lock" date="2026-01-09T19:31:52.102" /><!-- duration: 8ms -->
      </step><!-- duration: 241ms -->
    </step><!-- duration: 1349ms -->
    <step title="Outgoing response" date="2026-01-09T19:31:52.261" type="response" statusCode="202" statusText="Accepted" /><!-- duration: 3ms -->
  </step><!-- duration: 1423ms -->
