<step title="BackgroundTrace" date="2026-01-09T17:09:49.039" instance="f07aec" url="/api/publish" method="POST" >
  <step title="Creating temporary deployment - FetchDeploymentManager" date="2026-01-09T17:09:49.125" /><!-- duration: 20ms -->
  <step title="Creating temporary deployment" date="2026-01-09T17:09:49.148" /><!-- duration: 168ms -->
  <step title="Performing fetch based deployment" date="2026-01-09T17:09:49.369" >
    <step title="Cleaning up temp folders from previous zip deployments and extracting pushed zip file /tmp/zipdeploy/ccdf624c-4e10-490d-b8b0-c122108fc035.zip (14.91 MB) to /tmp/zipdeploy/extracted" date="2026-01-09T17:09:50.609" >
      <step title="ChmodRecursive Process exited with total time taken in ms: 311" date="2026-01-09T17:10:00.513" /><!-- duration: 8ms -->
    </step><!-- duration: 9922ms -->
    <step title="Deployment timer started" date="2026-01-09T17:10:02.635" >
      <step title="DeploymentManager.Deploy(id:ecb13f52-3fec-4054-a7d7-64a8f07a22f6)" date="2026-01-09T17:10:02.645" >
        <step title="Collecting changeset information" date="2026-01-09T17:10:02.715" /><!-- duration: 292ms -->
        <step title="Updating submodules" date="2026-01-09T17:10:03.030" /><!-- duration: 1608ms -->
        <step title="Determining deployment builder" date="2026-01-09T17:10:05.330" >
          <step title="Builder is OneDeployBuilder" date="2026-01-09T17:10:05.364" /><!-- duration: 4ms -->
        </step><!-- duration: 42ms -->
        <step title="PreDeployment: context.CleanOutputPath False" date="2026-01-09T17:10:05.431" >
          <step title="PreDeployment: context.OutputPath /home/site/wwwroot" date="2026-01-09T17:10:05.549" >
            <step title="Building" date="2026-01-09T17:10:05.693" >
              <step title="Executing external process" date="2026-01-09T17:10:06.580" type="process" path="starter.sh" arguments="/opt/Kudu/Scripts/absoluteTar.sh /tmp/zipdeploy/extracted/node_modules /tmp/zipdeploy/extracted/node_modules.tar.gz" /><!-- duration: 8514ms -->
              <step title="Executing external process" date="2026-01-09T17:10:15.445" type="process" path="starter.sh" arguments="/opt/Kudu/Scripts/parallel_rsync.sh /tmp/zipdeploy/extracted /home/site/wwwroot 8 /tmp/ False False node_modules " /><!-- duration: 4290ms -->
              <step title="Modified file to trigger a restart of the app container." date="2026-01-09T17:10:20.570" /><!-- duration: 28ms -->
              <step title="Skip function trigger and logicapp sync because function is not enabled." date="2026-01-09T17:10:20.611" /><!-- duration: 6ms -->
            </step><!-- duration: 16005ms -->
          </step><!-- duration: 16154ms -->
          <step title="Cleaning up temp files" date="2026-01-09T17:10:21.707" /><!-- duration: 5ms -->
          <step title="Cleaning up temp files" date="2026-01-09T17:10:21.715" /><!-- duration: 505ms -->
          <step title="Reloading status file with latest updates" date="2026-01-09T17:10:22.241" >
            <step title="WebHooksManager.PublishEventAsync: PostDeployment" date="2026-01-09T17:10:22.246" /><!-- duration: 105ms -->
          </step><!-- duration: 123ms -->
          <step title="Cleaning up temporary deployment - fetch deployment was successful" date="2026-01-09T17:10:22.379" /><!-- duration: 4ms -->
        </step><!-- duration: 17097ms -->
      </step><!-- duration: 19905ms -->
