<step title="Incoming Request" date="2026-01-09T20:45:38.652" instance="38949c" url="/api/publish?async=true&amp;deployer=GITHUB_ONE_DEPLOY&amp;type=zip&amp;message=%7B%22type%22%3A%22deployment%22%2C%22sha%22%3A%22828b8f6f9700f050ed6fd5b06cff11d160a34cd9%22%2C%22repoName%22%3A%22cooky667%2Fblobstorageapi%22%2C%22actor%22%3A%22cooky667%22%2C%22slotName%22%3A%22Production%22%2C%22commitMessage%22%3A%22API%3A%20add%20detailed%20logging%20for%20chunked%20upload%20metadata%22%7D" method="POST" type="request" pid="853,1,3" Host="storagewebapp-e7aybcgsdad3hya7.scm.uksouth-01.azurewebsites.net" User-Agent="GITHUBACTIONS_DeployWebAppToAzure_618ad395445cc673173894fb9b5acb391e877c2027b830e7ec6356e2472f166d" Authorization="Bea..." Content-Type="application/octet-stream" Cookie="ARRAffinity=38949c4b114756bd7c43b83351207323f54ddbaae52cdb25fe8249c2ae421de3;Path=/;HttpOnly;Secure;Domain=storagewebapp-e7aybcgsdad3hya7.scm.uksouth-01.azurewebsites.net; ARRAffinitySameSite=38949c4b114756bd7c43b83351207323f54ddbaae52cdb25fe8249c2ae421de3;Path=/;HttpOnly;SameSite=None;Secure;Domain=storagewebapp-e7aybcgsdad3hya7.scm.uksouth-01.azurewebsites.net" Transfer-Encoding="chunked" X-ARR-LOG-ID="8ea81a8f-fe9f-4149-bf13-52b006dcda41" CLIENT-IP="52.154.131.102:20545" X-SITE-DEPLOYMENT-ID="storagewebapp" WAS-DEFAULT-HOSTNAME="storagewebapp-e7aybcgsdad3hya7.scm.uksouth-01.azurewebsites.net" X-Forwarded-Proto="https" X-AppService-Proto="https" X-Forwarded-TlsVersion="1.3" X-WAWS-Unencoded-URL="/api/publish?async=true&amp;deployer=GITHUB_ONE_DEPLOY&amp;type=zip&amp;message=%7B%22type%22%3A%22deployment%22%2C%22sha%22%3A%22828b8f6f9700f050ed6fd5b06cff11d160a34cd9%22%2C%22repoName%22%3A%22cooky667%2Fblobstorageapi%22%2C%22actor%22%3A%22cooky667%22%2C%22slotName%22%3A%22Production%22%2C%22commitMessage%22%3A%22API%3A%20add%20detailed%20logging%20for%20chunked%20upload%20metadata%22%7D" X-Client-IP="52.154.131.102" X-Client-Port="20545" >
  <step title="Cleanup Xml Logs" date="2026-01-09T20:45:38.655" >
    <step title="Cleanup Infos" date="2026-01-09T20:45:38.662" totalFiles="211" totalCleanup="51" /><!-- duration: 4ms -->
  </step><!-- duration: 14ms -->
  <step title="OneDeploy" date="2026-01-09T20:45:38.703" >
    <step title="Starting PushDeployAsync" date="2026-01-09T20:45:38.731" /><!-- duration: 3ms -->
    <step title="Removing node_modules symlink" date="2026-01-09T20:45:38.803" >
      <step title="Writing artifact to /tmp/zipdeploy/67c2bb52-ca86-4298-bac5-55cd34df69ca.zip" date="2026-01-09T20:45:38.894" >
        <step title="Writing multipart request body to /tmp/zipdeploy/67c2bb52-ca86-4298-bac5-55cd34df69ca.zip" date="2026-01-09T20:45:38.902" /><!-- duration: 9ms -->
      </step><!-- duration: 854ms -->
      <step title="Start deployment in the background" date="2026-01-09T20:45:39.769" >
        <step title="Acquiring Deployment Lock" date="2026-01-09T20:45:39.797" /><!-- duration: 5ms -->
        <step title="Acquired Deployment Lock" date="2026-01-09T20:45:39.842" /><!-- duration: 3ms -->
      </step><!-- duration: 172ms -->
    </step><!-- duration: 1158ms -->
    <step title="Outgoing response" date="2026-01-09T20:45:39.978" type="response" statusCode="202" statusText="Accepted" /><!-- duration: 3ms -->
  </step><!-- duration: 1286ms -->
