<step title="BackgroundTrace" date="2026-01-09T20:52:16.879" instance="38949c" url="/api/publish" method="POST" >
  <step title="Cleanup Xml Logs" date="2026-01-09T20:52:16.939" >
    <step title="Cleanup Infos" date="2026-01-09T20:52:16.990" totalFiles="221" totalCleanup="61" /><!-- duration: 70ms -->
  </step><!-- duration: 132ms -->
  <step title="Creating temporary deployment - FetchDeploymentManager" date="2026-01-09T20:52:17.302" /><!-- duration: 10ms -->
  <step title="Creating temporary deployment" date="2026-01-09T20:52:17.342" /><!-- duration: 187ms -->
  <step title="Performing fetch based deployment" date="2026-01-09T20:52:17.776" >
    <step title="Cleaning up temp folders from previous zip deployments and extracting pushed zip file /tmp/zipdeploy/650fe64f-012e-4fbb-9238-a722b36c9991.zip (14.95 MB) to /tmp/zipdeploy/extracted" date="2026-01-09T20:52:19.673" >
      <step title="ChmodRecursive Process exited with total time taken in ms: 298" date="2026-01-09T20:52:33.408" /><!-- duration: 5ms -->
    </step><!-- duration: 13760ms -->
    <step title="Deployment timer started" date="2026-01-09T20:52:35.451" >
      <step title="DeploymentManager.Deploy(id:133e70bb-78a9-40fd-80ce-4e98f19b9394)" date="2026-01-09T20:52:35.455" >
        <step title="Collecting changeset information" date="2026-01-09T20:52:35.497" /><!-- duration: 113ms -->
        <step title="Updating submodules" date="2026-01-09T20:52:35.614" /><!-- duration: 1164ms -->
        <step title="Determining deployment builder" date="2026-01-09T20:52:36.968" >
          <step title="Builder is OneDeployBuilder" date="2026-01-09T20:52:36.977" /><!-- duration: 10ms -->
        </step><!-- duration: 28ms -->
        <step title="PreDeployment: context.CleanOutputPath False" date="2026-01-09T20:52:37.040" >
          <step title="PreDeployment: context.OutputPath /home/site/wwwroot" date="2026-01-09T20:52:37.189" >
            <step title="Building" date="2026-01-09T20:52:37.320" >
              <step title="Executing external process" date="2026-01-09T20:52:37.954" type="process" path="starter.sh" arguments="/opt/Kudu/Scripts/absoluteTar.sh /tmp/zipdeploy/extracted/node_modules /tmp/zipdeploy/extracted/node_modules.tar.gz" /><!-- duration: 8594ms -->
              <step title="Executing external process" date="2026-01-09T20:52:46.899" type="process" path="starter.sh" arguments="/opt/Kudu/Scripts/parallel_rsync.sh /tmp/zipdeploy/extracted /home/site/wwwroot 8 /tmp/ False False node_modules " /><!-- duration: 2724ms -->
              <step title="Modified file to trigger a restart of the app container." date="2026-01-09T20:52:50.431" /><!-- duration: 4ms -->
              <step title="Skip function trigger and logicapp sync because function is not enabled." date="2026-01-09T20:52:50.440" /><!-- duration: 2ms -->
              <step title="Purge deployment items" date="2026-01-09T20:52:51.594" >
                <step title="Remove a41a0af2-, Success, received at 01/09/2026 19:20:12" date="2026-01-09T20:52:51.655" /><!-- duration: 2ms -->
              </step><!-- duration: 67ms -->
            </step><!-- duration: 14417ms -->
          </step><!-- duration: 14552ms -->
          <step title="Cleaning up temp files" date="2026-01-09T20:52:51.744" /><!-- duration: 7ms -->
          <step title="Cleaning up temp files" date="2026-01-09T20:52:51.753" /><!-- duration: 504ms -->
          <step title="Reloading status file with latest updates" date="2026-01-09T20:52:52.289" >
            <step title="WebHooksManager.PublishEventAsync: PostDeployment" date="2026-01-09T20:52:52.292" /><!-- duration: 25ms -->
          </step><!-- duration: 31ms -->
          <step title="Cleaning up temporary deployment - fetch deployment was successful" date="2026-01-09T20:52:52.327" /><!-- duration: 3ms -->
        </step><!-- duration: 15374ms -->
      </step><!-- duration: 16979ms -->
