<step title="BackgroundTrace" date="2026-01-09T21:18:35.077" instance="38949c" url="/api/publish" method="POST" >
  <step title="Creating temporary deployment - FetchDeploymentManager" date="2026-01-09T21:18:35.123" /><!-- duration: 2ms -->
  <step title="Creating temporary deployment" date="2026-01-09T21:18:35.129" /><!-- duration: 78ms -->
  <step title="Performing fetch based deployment" date="2026-01-09T21:18:35.231" >
    <step title="Cleaning up temp folders from previous zip deployments and extracting pushed zip file /tmp/zipdeploy/c3d55286-46bb-4183-894d-e2bab2f5e819.zip (14.95 MB) to /tmp/zipdeploy/extracted" date="2026-01-09T21:18:36.398" >
      <step title="ChmodRecursive Process exited with total time taken in ms: 458" date="2026-01-09T21:18:45.736" /><!-- duration: 5ms -->
    </step><!-- duration: 9354ms -->
    <step title="Deployment timer started" date="2026-01-09T21:18:47.769" >
      <step title="DeploymentManager.Deploy(id:82002e42-2124-46fd-85ed-d6cfbdb08b49)" date="2026-01-09T21:18:47.772" >
        <step title="Collecting changeset information" date="2026-01-09T21:18:47.792" /><!-- duration: 119ms -->
        <step title="Updating submodules" date="2026-01-09T21:18:47.915" /><!-- duration: 1115ms -->
        <step title="Determining deployment builder" date="2026-01-09T21:18:49.278" >
          <step title="Builder is OneDeployBuilder" date="2026-01-09T21:18:49.325" /><!-- duration: 10ms -->
        </step><!-- duration: 68ms -->
        <step title="PreDeployment: context.CleanOutputPath False" date="2026-01-09T21:18:49.434" >
          <step title="PreDeployment: context.OutputPath /home/site/wwwroot" date="2026-01-09T21:18:49.598" >
            <step title="Building" date="2026-01-09T21:18:49.760" >
              <step title="Executing external process" date="2026-01-09T21:18:51.137" type="process" path="starter.sh" arguments="/opt/Kudu/Scripts/absoluteTar.sh /tmp/zipdeploy/extracted/node_modules /tmp/zipdeploy/extracted/node_modules.tar.gz" /><!-- duration: 7054ms -->
              <step title="Executing external process" date="2026-01-09T21:18:58.586" type="process" path="starter.sh" arguments="/opt/Kudu/Scripts/parallel_rsync.sh /tmp/zipdeploy/extracted /home/site/wwwroot 8 /tmp/ False False node_modules " /><!-- duration: 3687ms -->
              <step title="Modified file to trigger a restart of the app container." date="2026-01-09T21:19:02.985" /><!-- duration: 3ms -->
              <step title="Skip function trigger and logicapp sync because function is not enabled." date="2026-01-09T21:19:02.992" /><!-- duration: 3ms -->
              <step title="Purge deployment items" date="2026-01-09T21:19:04.141" >
                <step title="Remove 7e51f9f9-, Success, received at 01/09/2026 19:32:05" date="2026-01-09T21:19:04.208" /><!-- duration: 4ms -->
              </step><!-- duration: 77ms -->
            </step><!-- duration: 14533ms -->
          </step><!-- duration: 14698ms -->
          <step title="Cleaning up temp files" date="2026-01-09T21:19:04.299" /><!-- duration: 3ms -->
          <step title="Cleaning up temp files" date="2026-01-09T21:19:04.305" /><!-- duration: 505ms -->
          <step title="Reloading status file with latest updates" date="2026-01-09T21:19:05.415" >
            <step title="WebHooksManager.PublishEventAsync: PostDeployment" date="2026-01-09T21:19:05.420" /><!-- duration: 36ms -->
          </step><!-- duration: 44ms -->
          <step title="Cleaning up temporary deployment - fetch deployment was successful" date="2026-01-09T21:19:05.465" /><!-- duration: 41ms -->
        </step><!-- duration: 16402ms -->
      </step><!-- duration: 18077ms -->
