<step title="BackgroundTrace" date="2026-01-09T20:58:24.205" instance="38949c" url="/api/publish" method="POST" >
  <step title="Creating temporary deployment - FetchDeploymentManager" date="2026-01-09T20:58:24.251" /><!-- duration: 2ms -->
  <step title="Creating temporary deployment" date="2026-01-09T20:58:24.257" /><!-- duration: 94ms -->
  <step title="Performing fetch based deployment" date="2026-01-09T20:58:24.404" >
    <step title="Cleaning up temp folders from previous zip deployments and extracting pushed zip file /tmp/zipdeploy/a7b28b12-ca78-44fb-bd8e-ec176d666fc7.zip (14.95 MB) to /tmp/zipdeploy/extracted" date="2026-01-09T20:58:25.677" >
      <step title="ChmodRecursive Process exited with total time taken in ms: 309" date="2026-01-09T20:58:33.858" /><!-- duration: 11ms -->
    </step><!-- duration: 8196ms -->
    <step title="Deployment timer started" date="2026-01-09T20:58:35.880" >
      <step title="DeploymentManager.Deploy(id:e92a0476-a32c-4904-8256-2de260d3627d)" date="2026-01-09T20:58:35.886" >
        <step title="Collecting changeset information" date="2026-01-09T20:58:35.919" /><!-- duration: 91ms -->
        <step title="Updating submodules" date="2026-01-09T20:58:36.014" /><!-- duration: 1134ms -->
        <step title="Determining deployment builder" date="2026-01-09T20:58:37.379" >
          <step title="Builder is OneDeployBuilder" date="2026-01-09T20:58:37.387" /><!-- duration: 8ms -->
        </step><!-- duration: 27ms -->
        <step title="PreDeployment: context.CleanOutputPath False" date="2026-01-09T20:58:37.460" >
          <step title="PreDeployment: context.OutputPath /home/site/wwwroot" date="2026-01-09T20:58:37.598" >
            <step title="Building" date="2026-01-09T20:58:37.736" >
              <step title="Executing external process" date="2026-01-09T20:58:38.502" type="process" path="starter.sh" arguments="/opt/Kudu/Scripts/absoluteTar.sh /tmp/zipdeploy/extracted/node_modules /tmp/zipdeploy/extracted/node_modules.tar.gz" /><!-- duration: 8070ms -->
              <step title="Executing external process" date="2026-01-09T20:58:46.832" type="process" path="starter.sh" arguments="/opt/Kudu/Scripts/parallel_rsync.sh /tmp/zipdeploy/extracted /home/site/wwwroot 8 /tmp/ False False node_modules " /><!-- duration: 2420ms -->
              <step title="Modified file to trigger a restart of the app container." date="2026-01-09T20:58:50.258" /><!-- duration: 30ms -->
              <step title="Skip function trigger and logicapp sync because function is not enabled." date="2026-01-09T20:58:50.313" /><!-- duration: 3ms -->
              <step title="Purge deployment items" date="2026-01-09T20:58:51.432" >
                <step title="Remove 8321f0e6-, Success, received at 01/09/2026 19:21:28" date="2026-01-09T20:58:51.495" /><!-- duration: 3ms -->
              </step><!-- duration: 69ms -->
            </step><!-- duration: 13876ms -->
          </step><!-- duration: 14017ms -->
          <step title="Cleaning up temp files" date="2026-01-09T20:58:51.617" /><!-- duration: 3ms -->
          <step title="Cleaning up temp files" date="2026-01-09T20:58:51.623" /><!-- duration: 510ms -->
          <step title="Reloading status file with latest updates" date="2026-01-09T20:58:52.190" >
            <step title="WebHooksManager.PublishEventAsync: PostDeployment" date="2026-01-09T20:58:52.216" /><!-- duration: 32ms -->
          </step><!-- duration: 76ms -->
          <step title="Cleaning up temporary deployment - fetch deployment was successful" date="2026-01-09T20:58:52.272" /><!-- duration: 12ms -->
        </step><!-- duration: 15199ms -->
      </step><!-- duration: 16843ms -->
