<step title="BackgroundTrace" date="2026-01-09T20:36:14.920" instance="38949c" url="/api/publish" method="POST" >
  <step title="Creating temporary deployment - FetchDeploymentManager" date="2026-01-09T20:36:15.024" /><!-- duration: 7ms -->
  <step title="Creating temporary deployment" date="2026-01-09T20:36:15.039" /><!-- duration: 265ms -->
  <step title="Performing fetch based deployment" date="2026-01-09T20:36:15.368" >
    <step title="Cleaning up temp folders from previous zip deployments and extracting pushed zip file /tmp/zipdeploy/7b6ded8e-1c16-4d2d-9c1a-2f22e02e762a.zip (14.95 MB) to /tmp/zipdeploy/extracted" date="2026-01-09T20:36:16.690" >
      <step title="ChmodRecursive Process exited with total time taken in ms: 280" date="2026-01-09T20:36:25.423" /><!-- duration: 7ms -->
    </step><!-- duration: 8751ms -->
    <step title="Deployment timer started" date="2026-01-09T20:36:27.458" >
      <step title="DeploymentManager.Deploy(id:c207e460-9b0c-4e95-9740-8a490e707734)" date="2026-01-09T20:36:27.463" >
        <step title="Collecting changeset information" date="2026-01-09T20:36:27.499" /><!-- duration: 104ms -->
        <step title="Updating submodules" date="2026-01-09T20:36:27.609" /><!-- duration: 1239ms -->
        <step title="Determining deployment builder" date="2026-01-09T20:36:29.129" >
          <step title="Builder is OneDeployBuilder" date="2026-01-09T20:36:29.166" /><!-- duration: 24ms -->
        </step><!-- duration: 65ms -->
        <step title="PreDeployment: context.CleanOutputPath False" date="2026-01-09T20:36:30.146" >
          <step title="PreDeployment: context.OutputPath /home/site/wwwroot" date="2026-01-09T20:36:30.297" >
            <step title="Building" date="2026-01-09T20:36:30.478" >
              <step title="Executing external process" date="2026-01-09T20:36:31.443" type="process" path="starter.sh" arguments="/opt/Kudu/Scripts/absoluteTar.sh /tmp/zipdeploy/extracted/node_modules /tmp/zipdeploy/extracted/node_modules.tar.gz" /><!-- duration: 7979ms -->
              <step title="Executing external process" date="2026-01-09T20:36:39.769" type="process" path="starter.sh" arguments="/opt/Kudu/Scripts/parallel_rsync.sh /tmp/zipdeploy/extracted /home/site/wwwroot 8 /tmp/ False False node_modules " /><!-- duration: 4074ms -->
              <step title="Modified file to trigger a restart of the app container." date="2026-01-09T20:36:45.342" /><!-- duration: 61ms -->
              <step title="Skip function trigger and logicapp sync because function is not enabled." date="2026-01-09T20:36:45.579" /><!-- duration: 30ms -->
              <step title="Purge deployment items" date="2026-01-09T20:36:48.119" >
                <step title="Remove be0ce551-, Success, received at 01/09/2026 17:53:52" date="2026-01-09T20:36:48.213" /><!-- duration: 5ms -->
              </step><!-- duration: 104ms -->
            </step><!-- duration: 17823ms -->
          </step><!-- duration: 18012ms -->
          <step title="Cleaning up temp files" date="2026-01-09T20:36:48.311" /><!-- duration: 3ms -->
          <step title="Cleaning up temp files" date="2026-01-09T20:36:48.317" /><!-- duration: 510ms -->
          <step title="Reloading status file with latest updates" date="2026-01-09T20:36:48.856" >
            <step title="WebHooksManager.PublishEventAsync: PostDeployment" date="2026-01-09T20:36:48.861" /><!-- duration: 147ms -->
          </step><!-- duration: 161ms -->
          <step title="Cleaning up temporary deployment - fetch deployment was successful" date="2026-01-09T20:36:49.023" /><!-- duration: 2ms -->
        </step><!-- duration: 18989ms -->
      </step><!-- duration: 21704ms -->
