<step title="Incoming Request" date="2026-01-09T20:58:37.767" instance="38949c" url="/api/deployments/latest?deployer=OneDeploy&amp;time=2026-01-09_20-58-24Z" method="GET" type="request" pid="853,1,17" Host="storagewebapp-e7aybcgsdad3hya7.scm.uksouth-01.azurewebsites.net" User-Agent="GITHUBACTIONS_DeployWebAppToAzure_618ad395445cc673173894fb9b5acb391e877c2027b830e7ec6356e2472f166d" Authorization="Bea..." Content-Type="application/json; charset=utf-8" Cookie="ARRAffinity=38949c4b114756bd7c43b83351207323f54ddbaae52cdb25fe8249c2ae421de3;Path=/;HttpOnly;Secure;Domain=storagewebapp-e7aybcgsdad3hya7.scm.uksouth-01.azurewebsites.net; ARRAffinitySameSite=38949c4b114756bd7c43b83351207323f54ddbaae52cdb25fe8249c2ae421de3;Path=/;HttpOnly;SameSite=None;Secure;Domain=storagewebapp-e7aybcgsdad3hya7.scm.uksouth-01.azurewebsites.net" Content-Length="0" X-ARR-LOG-ID="391e11b1-d303-4f45-a5f2-7734a64dbd51" CLIENT-IP="135.232.208.112:31681" X-SITE-DEPLOYMENT-ID="storagewebapp" WAS-DEFAULT-HOSTNAME="storagewebapp-e7aybcgsdad3hya7.scm.uksouth-01.azurewebsites.net" X-Forwarded-Proto="https" X-AppService-Proto="https" X-Forwarded-TlsVersion="1.3" X-WAWS-Unencoded-URL="/api/deployments/latest?deployer=OneDeploy&amp;time=2026-01-09_20-58-24Z" X-Client-IP="135.232.208.112" X-Client-Port="31681" >
  <step title="Cleanup Xml Logs" date="2026-01-09T20:58:37.792" >
    <step title="Cleanup Infos" date="2026-01-09T20:58:37.836" totalFiles="237" totalCleanup="77" /><!-- duration: 4ms -->
  </step><!-- duration: 50ms -->
  <step title="DeploymentService.GetResult" date="2026-01-09T20:58:37.868" >
    <step title="DeploymentService.GetLatestDeployment" date="2026-01-09T20:58:37.884" >
      <step title="DeploymentManager.GetResults" date="2026-01-09T20:58:37.889" /><!-- duration: 1561ms -->
    </step><!-- duration: 1577ms -->
  </step><!-- duration: 1611ms -->
  <step title="Outgoing response" date="2026-01-09T20:58:39.489" type="response" statusCode="202" statusText="Accepted" /><!-- duration: 19ms -->
</step><!-- duration: 1753ms -->
