<step title="Incoming Request" date="2026-01-09T20:52:13.026" instance="38949c" url="/api/publish?async=true&amp;deployer=GITHUB_ONE_DEPLOY&amp;type=zip&amp;message=%7B%22type%22%3A%22deployment%22%2C%22sha%22%3A%2205cf2e9c3ff87ff964f19ad2fced28e27e45716b%22%2C%22repoName%22%3A%22cooky667%2Fblobstorageapi%22%2C%22actor%22%3A%22cooky667%22%2C%22slotName%22%3A%22Production%22%2C%22commitMessage%22%3A%22API%3A%20read%20chunked%20upload%20metadata%20from%20query%20params%22%7D" method="POST" type="request" pid="853,1,7" Host="storagewebapp-e7aybcgsdad3hya7.scm.uksouth-01.azurewebsites.net" User-Agent="GITHUBACTIONS_DeployWebAppToAzure_618ad395445cc673173894fb9b5acb391e877c2027b830e7ec6356e2472f166d" Authorization="Bea..." Content-Type="application/octet-stream" Cookie="ARRAffinity=38949c4b114756bd7c43b83351207323f54ddbaae52cdb25fe8249c2ae421de3;Path=/;HttpOnly;Secure;Domain=storagewebapp-e7aybcgsdad3hya7.scm.uksouth-01.azurewebsites.net; ARRAffinitySameSite=38949c4b114756bd7c43b83351207323f54ddbaae52cdb25fe8249c2ae421de3;Path=/;HttpOnly;SameSite=None;Secure;Domain=storagewebapp-e7aybcgsdad3hya7.scm.uksouth-01.azurewebsites.net" Transfer-Encoding="chunked" X-ARR-LOG-ID="9bca0c11-fb41-49d7-a0fe-ba6523bf537f" CLIENT-IP="52.159.229.64:56257" X-SITE-DEPLOYMENT-ID="storagewebapp" WAS-DEFAULT-HOSTNAME="storagewebapp-e7aybcgsdad3hya7.scm.uksouth-01.azurewebsites.net" X-Forwarded-Proto="https" X-AppService-Proto="https" X-Forwarded-TlsVersion="1.3" X-WAWS-Unencoded-URL="/api/publish?async=true&amp;deployer=GITHUB_ONE_DEPLOY&amp;type=zip&amp;message=%7B%22type%22%3A%22deployment%22%2C%22sha%22%3A%2205cf2e9c3ff87ff964f19ad2fced28e27e45716b%22%2C%22repoName%22%3A%22cooky667%2Fblobstorageapi%22%2C%22actor%22%3A%22cooky667%22%2C%22slotName%22%3A%22Production%22%2C%22commitMessage%22%3A%22API%3A%20read%20chunked%20upload%20metadata%20from%20query%20params%22%7D" X-Client-IP="52.159.229.64" X-Client-Port="56257" >
  <step title="Cleanup Xml Logs" date="2026-01-09T20:52:13.055" >
    <step title="Cleanup Infos" date="2026-01-09T20:52:13.124" totalFiles="220" totalCleanup="60" /><!-- duration: 12ms -->
  </step><!-- duration: 92ms -->
  <step title="OneDeploy" date="2026-01-09T20:52:13.227" >
    <step title="Starting PushDeployAsync" date="2026-01-09T20:52:13.366" /><!-- duration: 20ms -->
    <step title="Removing node_modules symlink" date="2026-01-09T20:52:13.759" >
      <step title="Writing artifact to /tmp/zipdeploy/650fe64f-012e-4fbb-9238-a722b36c9991.zip" date="2026-01-09T20:52:14.490" >
        <step title="Writing multipart request body to /tmp/zipdeploy/650fe64f-012e-4fbb-9238-a722b36c9991.zip" date="2026-01-09T20:52:14.680" /><!-- duration: 72ms -->
      </step><!-- duration: 2087ms -->
      <step title="Start deployment in the background" date="2026-01-09T20:52:16.788" >
        <step title="Acquiring Deployment Lock" date="2026-01-09T20:52:17.133" /><!-- duration: 21ms -->
        <step title="Acquired Deployment Lock" date="2026-01-09T20:52:17.264" /><!-- duration: 20ms -->
      </step><!-- duration: 746ms -->
    </step><!-- duration: 3801ms -->
    <step title="Outgoing response" date="2026-01-09T20:52:17.617" type="response" statusCode="202" statusText="Accepted" /><!-- duration: 28ms -->
  </step><!-- duration: 4449ms -->
