<step title="BackgroundTrace" date="2026-01-09T20:10:15.642" instance="38949c" url="/api/publish" method="POST" >
  <step title="Creating temporary deployment - FetchDeploymentManager" date="2026-01-09T20:10:15.716" /><!-- duration: 2ms -->
  <step title="Creating temporary deployment" date="2026-01-09T20:10:15.722" /><!-- duration: 58ms -->
  <step title="Performing fetch based deployment" date="2026-01-09T20:10:15.863" >
    <step title="Cleaning up temp folders from previous zip deployments and extracting pushed zip file /tmp/zipdeploy/414ff239-e70d-49f4-b99a-a6a1113282bb.zip (14.95 MB) to /tmp/zipdeploy/extracted" date="2026-01-09T20:10:17.037" >
      <step title="ChmodRecursive Process exited with total time taken in ms: 301" date="2026-01-09T20:10:25.877" /><!-- duration: 4ms -->
    </step><!-- duration: 8848ms -->
    <step title="Deployment timer started" date="2026-01-09T20:10:27.900" >
      <step title="DeploymentManager.Deploy(id:f4f4a2a7-3e57-4f45-9263-29310de9714b)" date="2026-01-09T20:10:27.906" >
        <step title="Collecting changeset information" date="2026-01-09T20:10:27.942" /><!-- duration: 91ms -->
        <step title="Updating submodules" date="2026-01-09T20:10:28.038" /><!-- duration: 1144ms -->
        <step title="Determining deployment builder" date="2026-01-09T20:10:29.375" >
          <step title="Builder is OneDeployBuilder" date="2026-01-09T20:10:29.401" /><!-- duration: 3ms -->
        </step><!-- duration: 32ms -->
        <step title="PreDeployment: context.CleanOutputPath False" date="2026-01-09T20:10:29.456" >
          <step title="PreDeployment: context.OutputPath /home/site/wwwroot" date="2026-01-09T20:10:29.560" >
            <step title="Building" date="2026-01-09T20:10:29.716" >
              <step title="Executing external process" date="2026-01-09T20:10:30.516" type="process" path="starter.sh" arguments="/opt/Kudu/Scripts/absoluteTar.sh /tmp/zipdeploy/extracted/node_modules /tmp/zipdeploy/extracted/node_modules.tar.gz" /><!-- duration: 7314ms -->
              <step title="Executing external process" date="2026-01-09T20:10:38.134" type="process" path="starter.sh" arguments="/opt/Kudu/Scripts/parallel_rsync.sh /tmp/zipdeploy/extracted /home/site/wwwroot 8 /tmp/ False False node_modules " /><!-- duration: 3437ms -->
              <step title="Modified file to trigger a restart of the app container." date="2026-01-09T20:10:42.374" /><!-- duration: 18ms -->
              <step title="Skip function trigger and logicapp sync because function is not enabled." date="2026-01-09T20:10:42.396" /><!-- duration: 3ms -->
              <step title="Purge deployment items" date="2026-01-09T20:10:43.953" >
                <step title="Remove c67de531-, Success, received at 01/09/2026 17:46:09" date="2026-01-09T20:10:44.005" /><!-- duration: 3ms -->
              </step><!-- duration: 57ms -->
            </step><!-- duration: 14367ms -->
          </step><!-- duration: 14534ms -->
          <step title="Cleaning up temp files" date="2026-01-09T20:10:44.097" /><!-- duration: 4ms -->
          <step title="Cleaning up temp files" date="2026-01-09T20:10:44.103" /><!-- duration: 504ms -->
          <step title="Reloading status file with latest updates" date="2026-01-09T20:10:44.692" >
            <step title="WebHooksManager.PublishEventAsync: PostDeployment" date="2026-01-09T20:10:44.695" /><!-- duration: 25ms -->
          </step><!-- duration: 31ms -->
          <step title="Cleaning up temporary deployment - fetch deployment was successful" date="2026-01-09T20:10:44.727" /><!-- duration: 2ms -->
        </step><!-- duration: 15358ms -->
      </step><!-- duration: 16922ms -->
