<step title="Incoming Request" date="2026-01-09T21:18:41.768" instance="38949c" url="/api/deployments/latest?deployer=OneDeploy&amp;time=2026-01-09_21-18-35Z" method="GET" type="request" pid="853,1,16" Host="storagewebapp-e7aybcgsdad3hya7.scm.uksouth-01.azurewebsites.net" User-Agent="GITHUBACTIONS_DeployWebAppToAzure_618ad395445cc673173894fb9b5acb391e877c2027b830e7ec6356e2472f166d" Authorization="Bea..." Content-Type="application/json; charset=utf-8" Cookie="ARRAffinity=38949c4b114756bd7c43b83351207323f54ddbaae52cdb25fe8249c2ae421de3;Path=/;HttpOnly;Secure;Domain=storagewebapp-e7aybcgsdad3hya7.scm.uksouth-01.azurewebsites.net; ARRAffinitySameSite=38949c4b114756bd7c43b83351207323f54ddbaae52cdb25fe8249c2ae421de3;Path=/;HttpOnly;SameSite=None;Secure;Domain=storagewebapp-e7aybcgsdad3hya7.scm.uksouth-01.azurewebsites.net" Content-Length="0" X-ARR-LOG-ID="8732e244-1de5-4872-b999-6fdd8756474c" CLIENT-IP="172.184.213.164:1024" X-SITE-DEPLOYMENT-ID="storagewebapp" WAS-DEFAULT-HOSTNAME="storagewebapp-e7aybcgsdad3hya7.scm.uksouth-01.azurewebsites.net" X-Forwarded-Proto="https" X-AppService-Proto="https" X-Forwarded-TlsVersion="1.3" X-WAWS-Unencoded-URL="/api/deployments/latest?deployer=OneDeploy&amp;time=2026-01-09_21-18-35Z" X-Client-IP="172.184.213.164" X-Client-Port="1024" >
  <step title="Cleanup Xml Logs" date="2026-01-09T21:18:41.777" >
    <step title="Cleanup Infos" date="2026-01-09T21:18:41.839" totalFiles="256" totalCleanup="96" /><!-- duration: 40ms -->
  </step><!-- duration: 113ms -->
  <step title="DeploymentService.GetResult" date="2026-01-09T21:18:41.929" >
    <step title="DeploymentService.GetLatestDeployment" date="2026-01-09T21:18:41.938" >
      <step title="DeploymentManager.GetResults" date="2026-01-09T21:18:41.950" /><!-- duration: 948ms -->
    </step><!-- duration: 987ms -->
  </step><!-- duration: 1006ms -->
  <step title="Outgoing response" date="2026-01-09T21:18:42.955" type="response" statusCode="202" statusText="Accepted" /><!-- duration: 11ms -->
</step><!-- duration: 1208ms -->
