<step title="Incoming Request" date="2026-01-09T20:40:27.780" instance="38949c" url="/api/publish?async=true&amp;deployer=GITHUB_ONE_DEPLOY&amp;type=zip&amp;message=%7B%22type%22%3A%22deployment%22%2C%22sha%22%3A%226e301afba2047a0da1693ca247a278e702e348f9%22%2C%22repoName%22%3A%22cooky667%2Fblobstorageapi%22%2C%22actor%22%3A%22cooky667%22%2C%22slotName%22%3A%22Production%22%2C%22commitMessage%22%3A%22API%3A%20fix%20route%20ordering%20-%20move%20specific%20routes%20before%20wildcards%22%7D" method="POST" type="request" pid="853,1,26" Host="storagewebapp-e7aybcgsdad3hya7.scm.uksouth-01.azurewebsites.net" User-Agent="GITHUBACTIONS_DeployWebAppToAzure_618ad395445cc673173894fb9b5acb391e877c2027b830e7ec6356e2472f166d" Authorization="Bea..." Content-Type="application/octet-stream" Cookie="ARRAffinity=38949c4b114756bd7c43b83351207323f54ddbaae52cdb25fe8249c2ae421de3;Path=/;HttpOnly;Secure;Domain=storagewebapp-e7aybcgsdad3hya7.scm.uksouth-01.azurewebsites.net; ARRAffinitySameSite=38949c4b114756bd7c43b83351207323f54ddbaae52cdb25fe8249c2ae421de3;Path=/;HttpOnly;SameSite=None;Secure;Domain=storagewebapp-e7aybcgsdad3hya7.scm.uksouth-01.azurewebsites.net" Transfer-Encoding="chunked" X-ARR-LOG-ID="e66ad8d5-68c0-47d6-9310-8aae46139b32" CLIENT-IP="145.132.103.65:12288" X-SITE-DEPLOYMENT-ID="storagewebapp" WAS-DEFAULT-HOSTNAME="storagewebapp-e7aybcgsdad3hya7.scm.uksouth-01.azurewebsites.net" X-Forwarded-Proto="https" X-AppService-Proto="https" X-Forwarded-TlsVersion="1.3" X-WAWS-Unencoded-URL="/api/publish?async=true&amp;deployer=GITHUB_ONE_DEPLOY&amp;type=zip&amp;message=%7B%22type%22%3A%22deployment%22%2C%22sha%22%3A%226e301afba2047a0da1693ca247a278e702e348f9%22%2C%22repoName%22%3A%22cooky667%2Fblobstorageapi%22%2C%22actor%22%3A%22cooky667%22%2C%22slotName%22%3A%22Production%22%2C%22commitMessage%22%3A%22API%3A%20fix%20route%20ordering%20-%20move%20specific%20routes%20before%20wildcards%22%7D" X-Client-IP="145.132.103.65" X-Client-Port="12288" >
  <step title="Cleanup Xml Logs" date="2026-01-09T20:40:27.783" >
    <step title="Cleanup Infos" date="2026-01-09T20:40:27.789" totalFiles="203" totalCleanup="43" /><!-- duration: 7ms -->
  </step><!-- duration: 35ms -->
  <step title="OneDeploy" date="2026-01-09T20:40:27.950" >
    <step title="Starting PushDeployAsync" date="2026-01-09T20:40:27.985" /><!-- duration: 3ms -->
    <step title="Removing node_modules symlink" date="2026-01-09T20:40:28.011" >
      <step title="Writing artifact to /tmp/zipdeploy/23275544-02ba-4437-85a7-0fedebef3699.zip" date="2026-01-09T20:40:28.198" >
        <step title="Writing multipart request body to /tmp/zipdeploy/23275544-02ba-4437-85a7-0fedebef3699.zip" date="2026-01-09T20:40:28.207" /><!-- duration: 10ms -->
      </step><!-- duration: 781ms -->
      <step title="Start deployment in the background" date="2026-01-09T20:40:29.029" >
        <step title="Acquiring Deployment Lock" date="2026-01-09T20:40:29.167" /><!-- duration: 9ms -->
        <step title="Acquired Deployment Lock" date="2026-01-09T20:40:29.237" /><!-- duration: 19ms -->
      </step><!-- duration: 347ms -->
    </step><!-- duration: 1384ms -->
    <step title="Outgoing response" date="2026-01-09T20:40:29.405" type="response" statusCode="202" statusText="Accepted" /><!-- duration: 9ms -->
  </step><!-- duration: 1473ms -->
