<step title="Incoming Request" date="2026-01-09T19:38:52.426" instance="38949c" url="/api/publish?async=true&amp;deployer=GITHUB_ONE_DEPLOY&amp;type=zip&amp;message=%7B%22type%22%3A%22deployment%22%2C%22sha%22%3A%22ca89b60b896df10edaa776545b00fcf3111d1a47%22%2C%22repoName%22%3A%22cooky667%2Fblobstorageapi%22%2C%22actor%22%3A%22cooky667%22%2C%22slotName%22%3A%22Production%22%2C%22commitMessage%22%3A%22API%3A%20add%20diagnostic%20logging%20for%20Busboy%20file%20event%22%7D" method="POST" type="request" pid="853,1,35" Host="storagewebapp-e7aybcgsdad3hya7.scm.uksouth-01.azurewebsites.net" User-Agent="GITHUBACTIONS_DeployWebAppToAzure_618ad395445cc673173894fb9b5acb391e877c2027b830e7ec6356e2472f166d" Authorization="Bea..." Content-Type="application/octet-stream" Cookie="ARRAffinity=38949c4b114756bd7c43b83351207323f54ddbaae52cdb25fe8249c2ae421de3;Path=/;HttpOnly;Secure;Domain=storagewebapp-e7aybcgsdad3hya7.scm.uksouth-01.azurewebsites.net; ARRAffinitySameSite=38949c4b114756bd7c43b83351207323f54ddbaae52cdb25fe8249c2ae421de3;Path=/;HttpOnly;SameSite=None;Secure;Domain=storagewebapp-e7aybcgsdad3hya7.scm.uksouth-01.azurewebsites.net" Transfer-Encoding="chunked" X-ARR-LOG-ID="18ee3f58-d0a3-4c5b-a4b0-aa6746dbf05d" CLIENT-IP="57.151.129.48:3009" X-SITE-DEPLOYMENT-ID="storagewebapp" WAS-DEFAULT-HOSTNAME="storagewebapp-e7aybcgsdad3hya7.scm.uksouth-01.azurewebsites.net" X-Forwarded-Proto="https" X-AppService-Proto="https" X-Forwarded-TlsVersion="1.3" X-WAWS-Unencoded-URL="/api/publish?async=true&amp;deployer=GITHUB_ONE_DEPLOY&amp;type=zip&amp;message=%7B%22type%22%3A%22deployment%22%2C%22sha%22%3A%22ca89b60b896df10edaa776545b00fcf3111d1a47%22%2C%22repoName%22%3A%22cooky667%2Fblobstorageapi%22%2C%22actor%22%3A%22cooky667%22%2C%22slotName%22%3A%22Production%22%2C%22commitMessage%22%3A%22API%3A%20add%20diagnostic%20logging%20for%20Busboy%20file%20event%22%7D" X-Client-IP="57.151.129.48" X-Client-Port="3009" >
  <step title="Cleanup Xml Logs" date="2026-01-09T19:38:52.430" /><!-- duration: 7ms -->
  <step title="OneDeploy" date="2026-01-09T19:38:52.452" >
    <step title="Starting PushDeployAsync" date="2026-01-09T19:38:52.470" /><!-- duration: 8ms -->
    <step title="Removing node_modules symlink" date="2026-01-09T19:38:52.517" >
      <step title="Writing artifact to /tmp/zipdeploy/f289e938-2d74-44fc-9744-18e3da814ef5.zip" date="2026-01-09T19:38:52.624" >
        <step title="Writing multipart request body to /tmp/zipdeploy/f289e938-2d74-44fc-9744-18e3da814ef5.zip" date="2026-01-09T19:38:52.628" /><!-- duration: 16ms -->
      </step><!-- duration: 790ms -->
      <step title="Start deployment in the background" date="2026-01-09T19:38:53.444" >
        <step title="Acquiring Deployment Lock" date="2026-01-09T19:38:53.559" /><!-- duration: 18ms -->
        <step title="Acquired Deployment Lock" date="2026-01-09T19:38:53.608" /><!-- duration: 3ms -->
      </step><!-- duration: 258ms -->
    </step><!-- duration: 1190ms -->
    <step title="Outgoing response" date="2026-01-09T19:38:53.711" type="response" statusCode="202" statusText="Accepted" /><!-- duration: 3ms -->
  </step><!-- duration: 1264ms -->
