<step title="Incoming Request" date="2026-01-09T20:45:54.746" instance="38949c" url="/api/deployments/latest?deployer=OneDeploy&amp;time=2026-01-09_20-45-39Z" method="GET" type="request" pid="853,1,21" Host="storagewebapp-e7aybcgsdad3hya7.scm.uksouth-01.azurewebsites.net" User-Agent="GITHUBACTIONS_DeployWebAppToAzure_618ad395445cc673173894fb9b5acb391e877c2027b830e7ec6356e2472f166d" Authorization="Bea..." Content-Type="application/json; charset=utf-8" Cookie="ARRAffinity=38949c4b114756bd7c43b83351207323f54ddbaae52cdb25fe8249c2ae421de3;Path=/;HttpOnly;Secure;Domain=storagewebapp-e7aybcgsdad3hya7.scm.uksouth-01.azurewebsites.net; ARRAffinitySameSite=38949c4b114756bd7c43b83351207323f54ddbaae52cdb25fe8249c2ae421de3;Path=/;HttpOnly;SameSite=None;Secure;Domain=storagewebapp-e7aybcgsdad3hya7.scm.uksouth-01.azurewebsites.net" Content-Length="0" X-ARR-LOG-ID="25d030ec-5a55-426a-a1e7-432330a78c3a" CLIENT-IP="52.154.131.102:20545" X-SITE-DEPLOYMENT-ID="storagewebapp" WAS-DEFAULT-HOSTNAME="storagewebapp-e7aybcgsdad3hya7.scm.uksouth-01.azurewebsites.net" X-Forwarded-Proto="https" X-AppService-Proto="https" X-Forwarded-TlsVersion="1.3" X-WAWS-Unencoded-URL="/api/deployments/latest?deployer=OneDeploy&amp;time=2026-01-09_20-45-39Z" X-Client-IP="52.154.131.102" X-Client-Port="20545" >
  <step title="Cleanup Xml Logs" date="2026-01-09T20:45:54.749" >
    <step title="Cleanup Infos" date="2026-01-09T20:45:54.758" totalFiles="215" totalCleanup="55" /><!-- duration: 7ms -->
  </step><!-- duration: 30ms -->
  <step title="DeploymentService.GetResult" date="2026-01-09T20:45:54.809" >
    <step title="DeploymentService.GetLatestDeployment" date="2026-01-09T20:45:54.812" >
      <step title="DeploymentManager.GetResults" date="2026-01-09T20:45:54.814" /><!-- duration: 923ms -->
    </step><!-- duration: 931ms -->
  </step><!-- duration: 936ms -->
  <step title="Outgoing response" date="2026-01-09T20:45:55.750" type="response" statusCode="202" statusText="Accepted" /><!-- duration: 6ms -->
</step><!-- duration: 1013ms -->
