<step title="Incoming Request" date="2026-01-09T17:38:14.120" instance="f07aec" url="/api/publish?async=true&amp;deployer=GITHUB_ONE_DEPLOY&amp;type=zip&amp;message=%7B%22type%22%3A%22deployment%22%2C%22sha%22%3A%22d05e8ee84f57c725746bb6df98fe9dd85aad0df6%22%2C%22repoName%22%3A%22cooky667%2Fblobstorageapi%22%2C%22actor%22%3A%22cooky667%22%2C%22slotName%22%3A%22Production%22%2C%22commitMessage%22%3A%22API%3A%20accept%20both%20v2.0%20and%20STS%20issuer%20formats%22%7D" method="POST" type="request" pid="853,1,3" Host="storagewebapp-e7aybcgsdad3hya7.scm.uksouth-01.azurewebsites.net" User-Agent="GITHUBACTIONS_DeployWebAppToAzure_618ad395445cc673173894fb9b5acb391e877c2027b830e7ec6356e2472f166d" Authorization="Bea..." Content-Type="application/octet-stream" Cookie="ARRAffinity=f07aec79734d8bf10f3fd4121c637821b5012b69243d980eeadb0c647194e673;Path=/;HttpOnly;Secure;Domain=storagewebapp-e7aybcgsdad3hya7.scm.uksouth-01.azurewebsites.net; ARRAffinitySameSite=f07aec79734d8bf10f3fd4121c637821b5012b69243d980eeadb0c647194e673;Path=/;HttpOnly;SameSite=None;Secure;Domain=storagewebapp-e7aybcgsdad3hya7.scm.uksouth-01.azurewebsites.net" Transfer-Encoding="chunked" X-ARR-LOG-ID="ed0c8242-3b00-41af-b8d3-61303bfe7f83" CLIENT-IP="20.161.68.246:49472" X-SITE-DEPLOYMENT-ID="storagewebapp" WAS-DEFAULT-HOSTNAME="storagewebapp-e7aybcgsdad3hya7.scm.uksouth-01.azurewebsites.net" X-Forwarded-Proto="https" X-AppService-Proto="https" X-Forwarded-TlsVersion="1.3" X-WAWS-Unencoded-URL="/api/publish?async=true&amp;deployer=GITHUB_ONE_DEPLOY&amp;type=zip&amp;message=%7B%22type%22%3A%22deployment%22%2C%22sha%22%3A%22d05e8ee84f57c725746bb6df98fe9dd85aad0df6%22%2C%22repoName%22%3A%22cooky667%2Fblobstorageapi%22%2C%22actor%22%3A%22cooky667%22%2C%22slotName%22%3A%22Production%22%2C%22commitMessage%22%3A%22API%3A%20accept%20both%20v2.0%20and%20STS%20issuer%20formats%22%7D" X-Client-IP="20.161.68.246" X-Client-Port="49472" >
  <step title="Cleanup Xml Logs" date="2026-01-09T17:38:14.138" /><!-- duration: 13ms -->
  <step title="OneDeploy" date="2026-01-09T17:38:14.229" >
    <step title="Starting PushDeployAsync" date="2026-01-09T17:38:14.320" /><!-- duration: 18ms -->
    <step title="Removing node_modules symlink" date="2026-01-09T17:38:14.372" >
      <step title="Writing artifact to /tmp/zipdeploy/6fdbdf53-e629-4464-b239-dfba2afca667.zip" date="2026-01-09T17:38:14.530" >
        <step title="Writing multipart request body to /tmp/zipdeploy/6fdbdf53-e629-4464-b239-dfba2afca667.zip" date="2026-01-09T17:38:14.542" /><!-- duration: 39ms -->
      </step><!-- duration: 553ms -->
      <step title="Start deployment in the background" date="2026-01-09T17:38:15.098" >
        <step title="Acquiring Deployment Lock" date="2026-01-09T17:38:15.140" /><!-- duration: 12ms -->
        <step title="Acquired Deployment Lock" date="2026-01-09T17:38:15.191" /><!-- duration: 4ms -->
      </step><!-- duration: 199ms -->
    </step><!-- duration: 933ms -->
    <step title="Outgoing response" date="2026-01-09T17:38:15.310" type="response" statusCode="202" statusText="Accepted" /><!-- duration: 4ms -->
  </step><!-- duration: 1088ms -->
