<step title="Incoming Request" date="2026-01-09T19:28:08.770" instance="38949c" url="/api/publish?async=true&amp;deployer=GITHUB_ONE_DEPLOY&amp;type=zip&amp;message=%7B%22type%22%3A%22deployment%22%2C%22sha%22%3A%2237bb3e0c054f4c8309801fca46e163f313acd34b%22%2C%22repoName%22%3A%22cooky667%2Fblobstorageapi%22%2C%22actor%22%3A%22cooky667%22%2C%22slotName%22%3A%22Production%22%2C%22commitMessage%22%3A%22API%3A%20fix%20Busboy%20file%20event%20signature%20(use%20info%20object)%22%7D" method="POST" type="request" pid="853,1,39" Host="storagewebapp-e7aybcgsdad3hya7.scm.uksouth-01.azurewebsites.net" User-Agent="GITHUBACTIONS_DeployWebAppToAzure_618ad395445cc673173894fb9b5acb391e877c2027b830e7ec6356e2472f166d" Authorization="Bea..." Content-Type="application/octet-stream" Cookie="ARRAffinity=38949c4b114756bd7c43b83351207323f54ddbaae52cdb25fe8249c2ae421de3;Path=/;HttpOnly;Secure;Domain=storagewebapp-e7aybcgsdad3hya7.scm.uksouth-01.azurewebsites.net; ARRAffinitySameSite=38949c4b114756bd7c43b83351207323f54ddbaae52cdb25fe8249c2ae421de3;Path=/;HttpOnly;SameSite=None;Secure;Domain=storagewebapp-e7aybcgsdad3hya7.scm.uksouth-01.azurewebsites.net" Transfer-Encoding="chunked" X-ARR-LOG-ID="87e9f14a-7522-4c55-91d6-3ec0731cb05c" CLIENT-IP="68.220.59.115:10176" X-SITE-DEPLOYMENT-ID="storagewebapp" WAS-DEFAULT-HOSTNAME="storagewebapp-e7aybcgsdad3hya7.scm.uksouth-01.azurewebsites.net" X-Forwarded-Proto="https" X-AppService-Proto="https" X-Forwarded-TlsVersion="1.3" X-WAWS-Unencoded-URL="/api/publish?async=true&amp;deployer=GITHUB_ONE_DEPLOY&amp;type=zip&amp;message=%7B%22type%22%3A%22deployment%22%2C%22sha%22%3A%2237bb3e0c054f4c8309801fca46e163f313acd34b%22%2C%22repoName%22%3A%22cooky667%2Fblobstorageapi%22%2C%22actor%22%3A%22cooky667%22%2C%22slotName%22%3A%22Production%22%2C%22commitMessage%22%3A%22API%3A%20fix%20Busboy%20file%20event%20signature%20(use%20info%20object)%22%7D" X-Client-IP="68.220.59.115" X-Client-Port="10176" >
  <step title="Cleanup Xml Logs" date="2026-01-09T19:28:08.773" /><!-- duration: 12ms -->
  <step title="OneDeploy" date="2026-01-09T19:28:08.821" >
    <step title="Starting PushDeployAsync" date="2026-01-09T19:28:08.844" /><!-- duration: 10ms -->
    <step title="Removing node_modules symlink" date="2026-01-09T19:28:08.901" >
      <step title="Removing _del_node_modules symlink" date="2026-01-09T19:28:09.090" >
        <step title="Writing artifact to /tmp/zipdeploy/82838c0a-8640-4b0d-ae9e-f6ba9d2b4946.zip" date="2026-01-09T19:28:09.218" >
          <step title="Writing multipart request body to /tmp/zipdeploy/82838c0a-8640-4b0d-ae9e-f6ba9d2b4946.zip" date="2026-01-09T19:28:09.231" /><!-- duration: 20ms -->
        </step><!-- duration: 1113ms -->
        <step title="Start deployment in the background" date="2026-01-09T19:28:10.340" >
          <step title="Acquiring Deployment Lock" date="2026-01-09T19:28:10.392" /><!-- duration: 3ms -->
          <step title="Acquired Deployment Lock" date="2026-01-09T19:28:10.444" /><!-- duration: 2ms -->
        </step><!-- duration: 200ms -->
      </step><!-- duration: 1455ms -->
      <step title="Outgoing response" date="2026-01-09T19:28:10.548" type="response" statusCode="202" statusText="Accepted" /><!-- duration: 2ms -->
    </step><!-- duration: 1657ms -->
