<step title="Incoming Request" date="2026-01-09T17:33:37.416" instance="f07aec" url="/api/publish?async=true&amp;deployer=GITHUB_ONE_DEPLOY&amp;type=zip&amp;message=%7B%22type%22%3A%22deployment%22%2C%22sha%22%3A%22c3e65757f5c0ff76963c2383e98409cffaf5a31d%22%2C%22repoName%22%3A%22cooky667%2Fblobstorageapi%22%2C%22actor%22%3A%22cooky667%22%2C%22slotName%22%3A%22Production%22%2C%22commitMessage%22%3A%22API%3A%20add%20diagnostic%20logging%20for%20token%20validation%22%7D" method="POST" type="request" pid="853,1,18" Host="storagewebapp-e7aybcgsdad3hya7.scm.uksouth-01.azurewebsites.net" User-Agent="GITHUBACTIONS_DeployWebAppToAzure_618ad395445cc673173894fb9b5acb391e877c2027b830e7ec6356e2472f166d" Authorization="Bea..." Content-Type="application/octet-stream" Cookie="ARRAffinity=f07aec79734d8bf10f3fd4121c637821b5012b69243d980eeadb0c647194e673;Path=/;HttpOnly;Secure;Domain=storagewebapp-e7aybcgsdad3hya7.scm.uksouth-01.azurewebsites.net; ARRAffinitySameSite=f07aec79734d8bf10f3fd4121c637821b5012b69243d980eeadb0c647194e673;Path=/;HttpOnly;SameSite=None;Secure;Domain=storagewebapp-e7aybcgsdad3hya7.scm.uksouth-01.azurewebsites.net" Transfer-Encoding="chunked" X-ARR-LOG-ID="a3d504cb-89cc-4bf6-8345-d11c9674b4de" CLIENT-IP="172.182.226.215:57385" X-SITE-DEPLOYMENT-ID="storagewebapp" WAS-DEFAULT-HOSTNAME="storagewebapp-e7aybcgsdad3hya7.scm.uksouth-01.azurewebsites.net" X-Forwarded-Proto="https" X-AppService-Proto="https" X-Forwarded-TlsVersion="1.3" X-WAWS-Unencoded-URL="/api/publish?async=true&amp;deployer=GITHUB_ONE_DEPLOY&amp;type=zip&amp;message=%7B%22type%22%3A%22deployment%22%2C%22sha%22%3A%22c3e65757f5c0ff76963c2383e98409cffaf5a31d%22%2C%22repoName%22%3A%22cooky667%2Fblobstorageapi%22%2C%22actor%22%3A%22cooky667%22%2C%22slotName%22%3A%22Production%22%2C%22commitMessage%22%3A%22API%3A%20add%20diagnostic%20logging%20for%20token%20validation%22%7D" X-Client-IP="172.182.226.215" X-Client-Port="57385" >
  <step title="Cleanup Xml Logs" date="2026-01-09T17:33:37.426" /><!-- duration: 11ms -->
  <step title="OneDeploy" date="2026-01-09T17:33:37.604" >
    <step title="None repository commit" date="2026-01-09T17:33:37.625" >
      <step title="Commit id: d5c00258-398f-4e4b-bf3e-ef3529bded5b" date="2026-01-09T17:33:37.629" Message="N/A" AuthorName="N/A" AuthorEmail="N/A" /><!-- duration: 8ms -->
    </step><!-- duration: 18ms -->
    <step title="Starting PushDeployAsync" date="2026-01-09T17:33:37.647" /><!-- duration: 4ms -->
    <step title="Removing node_modules symlink" date="2026-01-09T17:33:37.776" >
      <step title="Removing _del_node_modules symlink" date="2026-01-09T17:33:38.277" >
        <step title="Writing artifact to /tmp/zipdeploy/b4723af9-74e7-41e6-94b5-879d596a0a8b.zip" date="2026-01-09T17:33:38.418" >
          <step title="Writing multipart request body to /tmp/zipdeploy/b4723af9-74e7-41e6-94b5-879d596a0a8b.zip" date="2026-01-09T17:33:38.548" /><!-- duration: 92ms -->
        </step><!-- duration: 1055ms -->
        <step title="Start deployment in the background" date="2026-01-09T17:33:39.518" >
          <step title="Acquiring Deployment Lock" date="2026-01-09T17:33:39.556" /><!-- duration: 10ms -->
          <step title="Acquired Deployment Lock" date="2026-01-09T17:33:39.621" /><!-- duration: 10ms -->
        </step><!-- duration: 270ms -->
      </step><!-- duration: 1525ms -->
      <step title="Outgoing response" date="2026-01-09T17:33:39.820" type="response" statusCode="202" statusText="Accepted" /><!-- duration: 4ms -->
    </step><!-- duration: 2053ms -->
