<step title="Incoming Request" date="2026-01-09T17:02:18.737" instance="f07aec" url="/api/publish?async=true&amp;deployer=GITHUB_ONE_DEPLOY&amp;type=zip&amp;message=%7B%22type%22%3A%22deployment%22%2C%22sha%22%3A%22f0bc054a5aa6d760a4796da51d233025a3547120%22%2C%22repoName%22%3A%22cooky667%2Fblobstorageapi%22%2C%22actor%22%3A%22cooky667%22%2C%22slotName%22%3A%22Production%22%2C%22commitMessage%22%3A%22updating%22%7D" method="POST" type="request" pid="855,1,49" Host="storagewebapp-e7aybcgsdad3hya7.scm.uksouth-01.azurewebsites.net" User-Agent="GITHUBACTIONS_DeployWebAppToAzure_618ad395445cc673173894fb9b5acb391e877c2027b830e7ec6356e2472f166d" Authorization="Bea..." Content-Type="application/octet-stream" Cookie="ARRAffinity=f07aec79734d8bf10f3fd4121c637821b5012b69243d980eeadb0c647194e673;Path=/;HttpOnly;Secure;Domain=storagewebapp-e7aybcgsdad3hya7.scm.uksouth-01.azurewebsites.net; ARRAffinitySameSite=f07aec79734d8bf10f3fd4121c637821b5012b69243d980eeadb0c647194e673;Path=/;HttpOnly;SameSite=None;Secure;Domain=storagewebapp-e7aybcgsdad3hya7.scm.uksouth-01.azurewebsites.net" Transfer-Encoding="chunked" X-ARR-LOG-ID="0a6b3623-5ce9-48b9-9af6-57e73de28ad2" CLIENT-IP="20.161.71.57:3105" X-SITE-DEPLOYMENT-ID="storagewebapp" WAS-DEFAULT-HOSTNAME="storagewebapp-e7aybcgsdad3hya7.scm.uksouth-01.azurewebsites.net" X-Forwarded-Proto="https" X-AppService-Proto="https" X-Forwarded-TlsVersion="1.3" X-WAWS-Unencoded-URL="/api/publish?async=true&amp;deployer=GITHUB_ONE_DEPLOY&amp;type=zip&amp;message=%7B%22type%22%3A%22deployment%22%2C%22sha%22%3A%22f0bc054a5aa6d760a4796da51d233025a3547120%22%2C%22repoName%22%3A%22cooky667%2Fblobstorageapi%22%2C%22actor%22%3A%22cooky667%22%2C%22slotName%22%3A%22Production%22%2C%22commitMessage%22%3A%22updating%22%7D" X-Client-IP="20.161.71.57" X-Client-Port="3105" >
  <step title="Cleanup Xml Logs" date="2026-01-09T17:02:18.750" /><!-- duration: 58ms -->
  <step title="OneDeploy" date="2026-01-09T17:02:19.601" >
    <step title="Starting PushDeployAsync" date="2026-01-09T17:02:19.845" /><!-- duration: 49ms -->
    <step title="Removing node_modules symlink" date="2026-01-09T17:02:20.005" >
      <step title="Writing artifact to /tmp/zipdeploy/9be56903-f5cc-4530-8817-3c6cc382ded2.zip" date="2026-01-09T17:02:20.516" >
        <step title="Writing multipart request body to /tmp/zipdeploy/9be56903-f5cc-4530-8817-3c6cc382ded2.zip" date="2026-01-09T17:02:20.547" /><!-- duration: 20ms -->
      </step><!-- duration: 3359ms -->
      <step title="Start deployment in the background" date="2026-01-09T17:02:24.105" >
        <step title="Acquiring Deployment Lock" date="2026-01-09T17:02:24.437" /><!-- duration: 21ms -->
        <step title="Acquired Deployment Lock" date="2026-01-09T17:02:24.699" /><!-- duration: 18ms -->
      </step><!-- duration: 1438ms -->
    </step><!-- duration: 5688ms -->
    <step title="Outgoing response" date="2026-01-09T17:02:25.762" type="response" statusCode="202" statusText="Accepted" /><!-- duration: 11ms -->
  </step><!-- duration: 6182ms -->
