<step title="Incoming Request" date="2026-01-09T18:54:03.012" instance="38949c" url="/api/publish?async=true&amp;deployer=GITHUB_ONE_DEPLOY&amp;type=zip&amp;message=%7B%22type%22%3A%22deployment%22%2C%22sha%22%3A%223e7535223258cb6445519c862737d34e11cbb754%22%2C%22repoName%22%3A%22cooky667%2Fblobstorageapi%22%2C%22actor%22%3A%22cooky667%22%2C%22slotName%22%3A%22Production%22%2C%22commitMessage%22%3A%22API%3A%20respond%20immediately%20on%20upload%20to%20prevent%20frontend%20timeout%22%7D" method="POST" type="request" pid="853,1,25" Host="storagewebapp-e7aybcgsdad3hya7.scm.uksouth-01.azurewebsites.net" User-Agent="GITHUBACTIONS_DeployWebAppToAzure_618ad395445cc673173894fb9b5acb391e877c2027b830e7ec6356e2472f166d" Authorization="Bea..." Content-Type="application/octet-stream" Cookie="ARRAffinity=38949c4b114756bd7c43b83351207323f54ddbaae52cdb25fe8249c2ae421de3;Path=/;HttpOnly;Secure;Domain=storagewebapp-e7aybcgsdad3hya7.scm.uksouth-01.azurewebsites.net; ARRAffinitySameSite=38949c4b114756bd7c43b83351207323f54ddbaae52cdb25fe8249c2ae421de3;Path=/;HttpOnly;SameSite=None;Secure;Domain=storagewebapp-e7aybcgsdad3hya7.scm.uksouth-01.azurewebsites.net" Transfer-Encoding="chunked" X-ARR-LOG-ID="681ddde0-c09f-4b88-bb85-2a88c3110ddd" CLIENT-IP="52.160.166.71:2689" X-SITE-DEPLOYMENT-ID="storagewebapp" WAS-DEFAULT-HOSTNAME="storagewebapp-e7aybcgsdad3hya7.scm.uksouth-01.azurewebsites.net" X-Forwarded-Proto="https" X-AppService-Proto="https" X-Forwarded-TlsVersion="1.3" X-WAWS-Unencoded-URL="/api/publish?async=true&amp;deployer=GITHUB_ONE_DEPLOY&amp;type=zip&amp;message=%7B%22type%22%3A%22deployment%22%2C%22sha%22%3A%223e7535223258cb6445519c862737d34e11cbb754%22%2C%22repoName%22%3A%22cooky667%2Fblobstorageapi%22%2C%22actor%22%3A%22cooky667%22%2C%22slotName%22%3A%22Production%22%2C%22commitMessage%22%3A%22API%3A%20respond%20immediately%20on%20upload%20to%20prevent%20frontend%20timeout%22%7D" X-Client-IP="52.160.166.71" X-Client-Port="2689" >
  <step title="Cleanup Xml Logs" date="2026-01-09T18:54:03.387" /><!-- duration: 70ms -->
  <step title="OneDeploy" date="2026-01-09T18:54:03.872" >
    <step title="Starting PushDeployAsync" date="2026-01-09T18:54:04.403" /><!-- duration: 150ms -->
    <step title="Removing node_modules symlink" date="2026-01-09T18:54:05.204" >
      <step title="Writing artifact to /tmp/zipdeploy/c28d747f-62ba-4a04-9cb8-67dfa8c91f48.zip" date="2026-01-09T18:54:07.016" >
        <step title="Writing multipart request body to /tmp/zipdeploy/c28d747f-62ba-4a04-9cb8-67dfa8c91f48.zip" date="2026-01-09T18:54:07.298" /><!-- duration: 88ms -->
      </step><!-- duration: 4621ms -->
      <step title="Start deployment in the background" date="2026-01-09T18:54:11.698" >
        <step title="Acquiring Deployment Lock" date="2026-01-09T18:54:11.870" /><!-- duration: 11ms -->
        <step title="Acquired Deployment Lock" date="2026-01-09T18:54:11.950" /><!-- duration: 10ms -->
      </step><!-- duration: 720ms -->
    </step><!-- duration: 7366ms -->
    <step title="Outgoing response" date="2026-01-09T18:54:12.590" type="response" statusCode="202" statusText="Accepted" /><!-- duration: 10ms -->
  </step><!-- duration: 8738ms -->
