<step title="BackgroundTrace" date="2026-01-09T21:08:38.576" instance="38949c" url="/api/publish" method="POST" >
  <step title="Creating temporary deployment - FetchDeploymentManager" date="2026-01-09T21:08:38.645" /><!-- duration: 3ms -->
  <step title="Creating temporary deployment" date="2026-01-09T21:08:38.655" /><!-- duration: 146ms -->
  <step title="Performing fetch based deployment" date="2026-01-09T21:08:38.847" >
    <step title="Cleaning up temp folders from previous zip deployments and extracting pushed zip file /tmp/zipdeploy/7b6ca9ae-0015-4730-8a07-9b305a47cfae.zip (14.95 MB) to /tmp/zipdeploy/extracted" date="2026-01-09T21:08:39.998" >
      <step title="ChmodRecursive Process exited with total time taken in ms: 292" date="2026-01-09T21:08:48.947" /><!-- duration: 4ms -->
    </step><!-- duration: 8971ms -->
    <step title="Deployment timer started" date="2026-01-09T21:08:50.991" >
      <step title="DeploymentManager.Deploy(id:e43275e2-133b-437c-b716-18fe53d0f768)" date="2026-01-09T21:08:50.996" >
        <step title="Collecting changeset information" date="2026-01-09T21:08:51.025" /><!-- duration: 81ms -->
        <step title="Updating submodules" date="2026-01-09T21:08:51.111" /><!-- duration: 1195ms -->
        <step title="Determining deployment builder" date="2026-01-09T21:08:52.772" >
          <step title="Builder is OneDeployBuilder" date="2026-01-09T21:08:52.802" /><!-- duration: 3ms -->
        </step><!-- duration: 41ms -->
        <step title="PreDeployment: context.CleanOutputPath False" date="2026-01-09T21:08:52.910" >
          <step title="PreDeployment: context.OutputPath /home/site/wwwroot" date="2026-01-09T21:08:53.020" >
            <step title="Building" date="2026-01-09T21:08:53.184" >
              <step title="Executing external process" date="2026-01-09T21:08:53.879" type="process" path="starter.sh" arguments="/opt/Kudu/Scripts/absoluteTar.sh /tmp/zipdeploy/extracted/node_modules /tmp/zipdeploy/extracted/node_modules.tar.gz" /><!-- duration: 7222ms -->
              <step title="Executing external process" date="2026-01-09T21:09:01.362" type="process" path="starter.sh" arguments="/opt/Kudu/Scripts/parallel_rsync.sh /tmp/zipdeploy/extracted /home/site/wwwroot 8 /tmp/ False False node_modules " /><!-- duration: 2812ms -->
              <step title="Modified file to trigger a restart of the app container." date="2026-01-09T21:09:05.209" /><!-- duration: 4ms -->
              <step title="Skip function trigger and logicapp sync because function is not enabled." date="2026-01-09T21:09:05.228" /><!-- duration: 3ms -->
              <step title="Purge deployment items" date="2026-01-09T21:09:06.433" >
                <step title="Remove 8a331927-, Success, received at 01/09/2026 19:28:23" date="2026-01-09T21:09:06.556" /><!-- duration: 3ms -->
              </step><!-- duration: 128ms -->
            </step><!-- duration: 13498ms -->
          </step><!-- duration: 13674ms -->
          <step title="Cleaning up temp files" date="2026-01-09T21:09:06.698" /><!-- duration: 4ms -->
          <step title="Cleaning up temp files" date="2026-01-09T21:09:06.706" /><!-- duration: 505ms -->
          <step title="Reloading status file with latest updates" date="2026-01-09T21:09:07.235" >
            <step title="WebHooksManager.PublishEventAsync: PostDeployment" date="2026-01-09T21:09:07.238" /><!-- duration: 24ms -->
          </step><!-- duration: 30ms -->
          <step title="Cleaning up temporary deployment - fetch deployment was successful" date="2026-01-09T21:09:07.281" /><!-- duration: 12ms -->
        </step><!-- duration: 14451ms -->
      </step><!-- duration: 16394ms -->
