<step title="Incoming Request" date="2026-01-09T20:58:23.214" instance="38949c" url="/api/publish?async=true&amp;deployer=GITHUB_ONE_DEPLOY&amp;type=zip&amp;message=%7B%22type%22%3A%22deployment%22%2C%22sha%22%3A%224c9b4db826e6cfd3088e779311481aae978cbd38%22%2C%22repoName%22%3A%22cooky667%2Fblobstorageapi%22%2C%22actor%22%3A%22cooky667%22%2C%22slotName%22%3A%22Production%22%2C%22commitMessage%22%3A%22API%3A%20improve%20chunked%20upload%20error%20handling%20and%20stream%20processing%22%7D" method="POST" type="request" pid="853,1,15" Host="storagewebapp-e7aybcgsdad3hya7.scm.uksouth-01.azurewebsites.net" User-Agent="GITHUBACTIONS_DeployWebAppToAzure_618ad395445cc673173894fb9b5acb391e877c2027b830e7ec6356e2472f166d" Authorization="Bea..." Content-Type="application/octet-stream" Cookie="ARRAffinity=38949c4b114756bd7c43b83351207323f54ddbaae52cdb25fe8249c2ae421de3;Path=/;HttpOnly;Secure;Domain=storagewebapp-e7aybcgsdad3hya7.scm.uksouth-01.azurewebsites.net; ARRAffinitySameSite=38949c4b114756bd7c43b83351207323f54ddbaae52cdb25fe8249c2ae421de3;Path=/;HttpOnly;SameSite=None;Secure;Domain=storagewebapp-e7aybcgsdad3hya7.scm.uksouth-01.azurewebsites.net" Transfer-Encoding="chunked" X-ARR-LOG-ID="2b7e8c58-b642-4fb5-9708-68f8745188da" CLIENT-IP="135.232.208.112:31681" X-SITE-DEPLOYMENT-ID="storagewebapp" WAS-DEFAULT-HOSTNAME="storagewebapp-e7aybcgsdad3hya7.scm.uksouth-01.azurewebsites.net" X-Forwarded-Proto="https" X-AppService-Proto="https" X-Forwarded-TlsVersion="1.3" X-WAWS-Unencoded-URL="/api/publish?async=true&amp;deployer=GITHUB_ONE_DEPLOY&amp;type=zip&amp;message=%7B%22type%22%3A%22deployment%22%2C%22sha%22%3A%224c9b4db826e6cfd3088e779311481aae978cbd38%22%2C%22repoName%22%3A%22cooky667%2Fblobstorageapi%22%2C%22actor%22%3A%22cooky667%22%2C%22slotName%22%3A%22Production%22%2C%22commitMessage%22%3A%22API%3A%20improve%20chunked%20upload%20error%20handling%20and%20stream%20processing%22%7D" X-Client-IP="135.232.208.112" X-Client-Port="31681" >
  <step title="Cleanup Xml Logs" date="2026-01-09T20:58:23.219" >
    <step title="Cleanup Infos" date="2026-01-09T20:58:23.229" totalFiles="233" totalCleanup="73" /><!-- duration: 4ms -->
  </step><!-- duration: 18ms -->
  <step title="OneDeploy" date="2026-01-09T20:58:23.262" >
    <step title="Starting PushDeployAsync" date="2026-01-09T20:58:23.289" /><!-- duration: 20ms -->
    <step title="Removing node_modules symlink" date="2026-01-09T20:58:23.378" >
      <step title="Writing artifact to /tmp/zipdeploy/a7b28b12-ca78-44fb-bd8e-ec176d666fc7.zip" date="2026-01-09T20:58:23.668" >
        <step title="Writing multipart request body to /tmp/zipdeploy/a7b28b12-ca78-44fb-bd8e-ec176d666fc7.zip" date="2026-01-09T20:58:23.678" /><!-- duration: 21ms -->
      </step><!-- duration: 522ms -->
      <step title="Start deployment in the background" date="2026-01-09T20:58:24.202" >
        <step title="Acquiring Deployment Lock" date="2026-01-09T20:58:24.221" /><!-- duration: 4ms -->
        <step title="Acquired Deployment Lock" date="2026-01-09T20:58:24.246" /><!-- duration: 3ms -->
      </step><!-- duration: 152ms -->
    </step><!-- duration: 980ms -->
    <step title="Outgoing response" date="2026-01-09T20:58:24.361" type="response" statusCode="202" statusText="Accepted" /><!-- duration: 2ms -->
  </step><!-- duration: 1113ms -->
