<step title="Incoming Request" date="2026-01-09T19:20:52.252" instance="38949c" url="/api/publish?async=true&amp;deployer=GITHUB_ONE_DEPLOY&amp;type=zip&amp;message=%7B%22type%22%3A%22deployment%22%2C%22sha%22%3A%222ae7594fcc1ff960123d77a73db30cd088202be9%22%2C%22repoName%22%3A%22cooky667%2Fblobstorageapi%22%2C%22actor%22%3A%22cooky667%22%2C%22slotName%22%3A%22Production%22%2C%22commitMessage%22%3A%22updating%22%7D" method="POST" type="request" pid="853,1,35" Host="storagewebapp-e7aybcgsdad3hya7.scm.uksouth-01.azurewebsites.net" User-Agent="GITHUBACTIONS_DeployWebAppToAzure_618ad395445cc673173894fb9b5acb391e877c2027b830e7ec6356e2472f166d" Authorization="Bea..." Content-Type="application/octet-stream" Cookie="ARRAffinity=38949c4b114756bd7c43b83351207323f54ddbaae52cdb25fe8249c2ae421de3;Path=/;HttpOnly;Secure;Domain=storagewebapp-e7aybcgsdad3hya7.scm.uksouth-01.azurewebsites.net; ARRAffinitySameSite=38949c4b114756bd7c43b83351207323f54ddbaae52cdb25fe8249c2ae421de3;Path=/;HttpOnly;SameSite=None;Secure;Domain=storagewebapp-e7aybcgsdad3hya7.scm.uksouth-01.azurewebsites.net" Transfer-Encoding="chunked" X-ARR-LOG-ID="33835b96-2ffc-4110-ab91-6fe74d9c8ab3" CLIENT-IP="135.232.193.36:34817" X-SITE-DEPLOYMENT-ID="storagewebapp" WAS-DEFAULT-HOSTNAME="storagewebapp-e7aybcgsdad3hya7.scm.uksouth-01.azurewebsites.net" X-Forwarded-Proto="https" X-AppService-Proto="https" X-Forwarded-TlsVersion="1.3" X-WAWS-Unencoded-URL="/api/publish?async=true&amp;deployer=GITHUB_ONE_DEPLOY&amp;type=zip&amp;message=%7B%22type%22%3A%22deployment%22%2C%22sha%22%3A%222ae7594fcc1ff960123d77a73db30cd088202be9%22%2C%22repoName%22%3A%22cooky667%2Fblobstorageapi%22%2C%22actor%22%3A%22cooky667%22%2C%22slotName%22%3A%22Production%22%2C%22commitMessage%22%3A%22updating%22%7D" X-Client-IP="135.232.193.36" X-Client-Port="34817" >
  <step title="Cleanup Xml Logs" date="2026-01-09T19:20:52.263" /><!-- duration: 60ms -->
  <step title="OneDeploy" date="2026-01-09T19:20:52.453" >
    <step title="Starting PushDeployAsync" date="2026-01-09T19:20:52.573" /><!-- duration: 12ms -->
    <step title="Writing artifact to /tmp/zipdeploy/1ffa0727-24df-4910-990e-f90daf2e9628.zip" date="2026-01-09T19:20:52.633" >
      <step title="Writing multipart request body to /tmp/zipdeploy/1ffa0727-24df-4910-990e-f90daf2e9628.zip" date="2026-01-09T19:20:52.642" /><!-- duration: 13ms -->
    </step><!-- duration: 1086ms -->
    <step title="Start deployment in the background" date="2026-01-09T19:20:53.840" >
      <step title="Acquiring Deployment Lock" date="2026-01-09T19:20:53.930" /><!-- duration: 32ms -->
      <step title="Acquired Deployment Lock" date="2026-01-09T19:20:54.053" /><!-- duration: 50ms -->
    </step><!-- duration: 464ms -->
  </step><!-- duration: 1891ms -->
  <step title="Outgoing response" date="2026-01-09T19:20:54.365" type="response" statusCode="202" statusText="Accepted" /><!-- duration: 20ms -->
</step><!-- duration: 2152ms -->
