<step title="Incoming Request" date="2026-01-09T21:08:37.564" instance="38949c" url="/api/publish?async=true&amp;deployer=GITHUB_ONE_DEPLOY&amp;type=zip&amp;message=%7B%22type%22%3A%22deployment%22%2C%22sha%22%3A%220d7704a0b05ab813d49abcd0979916e2d11855a7%22%2C%22repoName%22%3A%22cooky667%2Fblobstorageapi%22%2C%22actor%22%3A%22cooky667%22%2C%22slotName%22%3A%22Production%22%2C%22commitMessage%22%3A%22API%3A%20improve%20chunk%20stream%20handling%20without%20buffering%22%7D" method="POST" type="request" pid="853,1,19" Host="storagewebapp-e7aybcgsdad3hya7.scm.uksouth-01.azurewebsites.net" User-Agent="GITHUBACTIONS_DeployWebAppToAzure_618ad395445cc673173894fb9b5acb391e877c2027b830e7ec6356e2472f166d" Authorization="Bea..." Content-Type="application/octet-stream" Cookie="ARRAffinity=38949c4b114756bd7c43b83351207323f54ddbaae52cdb25fe8249c2ae421de3;Path=/;HttpOnly;Secure;Domain=storagewebapp-e7aybcgsdad3hya7.scm.uksouth-01.azurewebsites.net; ARRAffinitySameSite=38949c4b114756bd7c43b83351207323f54ddbaae52cdb25fe8249c2ae421de3;Path=/;HttpOnly;SameSite=None;Secure;Domain=storagewebapp-e7aybcgsdad3hya7.scm.uksouth-01.azurewebsites.net" Transfer-Encoding="chunked" X-ARR-LOG-ID="be0ad90f-7b52-497e-b455-7861107fb439" CLIENT-IP="52.159.243.16:39873" X-SITE-DEPLOYMENT-ID="storagewebapp" WAS-DEFAULT-HOSTNAME="storagewebapp-e7aybcgsdad3hya7.scm.uksouth-01.azurewebsites.net" X-Forwarded-Proto="https" X-AppService-Proto="https" X-Forwarded-TlsVersion="1.3" X-WAWS-Unencoded-URL="/api/publish?async=true&amp;deployer=GITHUB_ONE_DEPLOY&amp;type=zip&amp;message=%7B%22type%22%3A%22deployment%22%2C%22sha%22%3A%220d7704a0b05ab813d49abcd0979916e2d11855a7%22%2C%22repoName%22%3A%22cooky667%2Fblobstorageapi%22%2C%22actor%22%3A%22cooky667%22%2C%22slotName%22%3A%22Production%22%2C%22commitMessage%22%3A%22API%3A%20improve%20chunk%20stream%20handling%20without%20buffering%22%7D" X-Client-IP="52.159.243.16" X-Client-Port="39873" >
  <step title="Cleanup Xml Logs" date="2026-01-09T21:08:37.574" >
    <step title="Cleanup Infos" date="2026-01-09T21:08:37.608" totalFiles="245" totalCleanup="85" /><!-- duration: 18ms -->
  </step><!-- duration: 62ms -->
  <step title="OneDeploy" date="2026-01-09T21:08:37.705" >
    <step title="Starting PushDeployAsync" date="2026-01-09T21:08:37.737" /><!-- duration: 10ms -->
    <step title="Removing node_modules symlink" date="2026-01-09T21:08:37.781" >
      <step title="Writing artifact to /tmp/zipdeploy/7b6ca9ae-0015-4730-8a07-9b305a47cfae.zip" date="2026-01-09T21:08:37.904" >
        <step title="Writing multipart request body to /tmp/zipdeploy/7b6ca9ae-0015-4730-8a07-9b305a47cfae.zip" date="2026-01-09T21:08:37.914" /><!-- duration: 6ms -->
      </step><!-- duration: 623ms -->
      <step title="Start deployment in the background" date="2026-01-09T21:08:38.561" >
        <step title="Acquiring Deployment Lock" date="2026-01-09T21:08:38.598" /><!-- duration: 3ms -->
        <step title="Acquired Deployment Lock" date="2026-01-09T21:08:38.639" /><!-- duration: 3ms -->
      </step><!-- duration: 246ms -->
    </step><!-- duration: 1040ms -->
    <step title="Outgoing response" date="2026-01-09T21:08:38.828" type="response" statusCode="202" statusText="Accepted" /><!-- duration: 9ms -->
  </step><!-- duration: 1135ms -->
