<step title="BackgroundTrace" date="2026-01-09T19:38:53.473" instance="38949c" url="/api/publish" method="POST" >
  <step title="Creating temporary deployment - FetchDeploymentManager" date="2026-01-09T19:38:53.613" /><!-- duration: 2ms -->
  <step title="Creating temporary deployment" date="2026-01-09T19:38:53.619" /><!-- duration: 79ms -->
  <step title="Performing fetch based deployment" date="2026-01-09T19:38:53.722" >
    <step title="Cleaning up temp folders from previous zip deployments and extracting pushed zip file /tmp/zipdeploy/f289e938-2d74-44fc-9744-18e3da814ef5.zip (14.95 MB) to /tmp/zipdeploy/extracted" date="2026-01-09T19:38:54.909" >
      <step title="ChmodRecursive Process exited with total time taken in ms: 331" date="2026-01-09T19:39:04.336" /><!-- duration: 15ms -->
    </step><!-- duration: 9452ms -->
    <step title="Deployment timer started" date="2026-01-09T19:39:06.381" >
      <step title="DeploymentManager.Deploy(id:07710536-3a5b-402d-96a9-fe09c340b71a)" date="2026-01-09T19:39:06.385" >
        <step title="Collecting changeset information" date="2026-01-09T19:39:06.397" /><!-- duration: 118ms -->
        <step title="Updating submodules" date="2026-01-09T19:39:06.519" /><!-- duration: 1126ms -->
        <step title="Determining deployment builder" date="2026-01-09T19:39:07.854" >
          <step title="Builder is OneDeployBuilder" date="2026-01-09T19:39:07.886" /><!-- duration: 3ms -->
        </step><!-- duration: 39ms -->
        <step title="PreDeployment: context.CleanOutputPath False" date="2026-01-09T19:39:07.946" >
          <step title="PreDeployment: context.OutputPath /home/site/wwwroot" date="2026-01-09T19:39:08.061" >
            <step title="Building" date="2026-01-09T19:39:08.216" >
              <step title="Executing external process" date="2026-01-09T19:39:08.912" type="process" path="starter.sh" arguments="/opt/Kudu/Scripts/absoluteTar.sh /tmp/zipdeploy/extracted/node_modules /tmp/zipdeploy/extracted/node_modules.tar.gz" /><!-- duration: 7488ms -->
              <step title="Executing external process" date="2026-01-09T19:39:16.944" type="process" path="starter.sh" arguments="/opt/Kudu/Scripts/parallel_rsync.sh /tmp/zipdeploy/extracted /home/site/wwwroot 8 /tmp/ False False node_modules " /><!-- duration: 2377ms -->
              <step title="Modified file to trigger a restart of the app container." date="2026-01-09T19:39:20.129" /><!-- duration: 4ms -->
              <step title="Skip function trigger and logicapp sync because function is not enabled." date="2026-01-09T19:39:20.137" /><!-- duration: 3ms -->
              <step title="Purge deployment items" date="2026-01-09T19:39:21.324" >
                <step title="Remove d5c00258-, Success, received at 01/09/2026 17:33:53" date="2026-01-09T19:39:21.399" /><!-- duration: 2ms -->
              </step><!-- duration: 81ms -->
            </step><!-- duration: 13253ms -->
          </step><!-- duration: 13427ms -->
          <step title="Cleaning up temp files" date="2026-01-09T19:39:21.491" /><!-- duration: 3ms -->
          <step title="Cleaning up temp files" date="2026-01-09T19:39:21.500" /><!-- duration: 520ms -->
          <step title="Reloading status file with latest updates" date="2026-01-09T19:39:22.050" >
            <step title="WebHooksManager.PublishEventAsync: PostDeployment" date="2026-01-09T19:39:22.053" /><!-- duration: 39ms -->
          </step><!-- duration: 44ms -->
          <step title="Cleaning up temporary deployment - fetch deployment was successful" date="2026-01-09T19:39:22.100" /><!-- duration: 3ms -->
        </step><!-- duration: 14216ms -->
      </step><!-- duration: 15846ms -->
