<step title="BackgroundTrace" date="2026-01-09T17:53:39.405" instance="f07aec" url="/api/publish" method="POST" >
  <step title="Creating temporary deployment - FetchDeploymentManager" date="2026-01-09T17:53:39.481" /><!-- duration: 3ms -->
  <step title="Creating temporary deployment" date="2026-01-09T17:53:39.489" /><!-- duration: 104ms -->
  <step title="Performing fetch based deployment" date="2026-01-09T17:53:39.628" >
    <step title="Cleaning up temp folders from previous zip deployments and extracting pushed zip file /tmp/zipdeploy/420ab6f9-f9cc-4a3c-abef-4cba5160a6f1.zip (15.12 MB) to /tmp/zipdeploy/extracted" date="2026-01-09T17:53:41.203" >
      <step title="ChmodRecursive Process exited with total time taken in ms: 331" date="2026-01-09T17:53:50.334" /><!-- duration: 20ms -->
    </step><!-- duration: 9169ms -->
    <step title="Deployment timer started" date="2026-01-09T17:53:52.404" >
      <step title="DeploymentManager.Deploy(id:be0ce551-3809-4059-be05-7d56809edf53)" date="2026-01-09T17:53:52.412" >
        <step title="Collecting changeset information" date="2026-01-09T17:53:52.456" /><!-- duration: 117ms -->
        <step title="Updating submodules" date="2026-01-09T17:53:52.581" /><!-- duration: 1169ms -->
        <step title="Determining deployment builder" date="2026-01-09T17:53:54.045" >
          <step title="Builder is OneDeployBuilder" date="2026-01-09T17:53:54.077" /><!-- duration: 4ms -->
        </step><!-- duration: 42ms -->
        <step title="PreDeployment: context.CleanOutputPath False" date="2026-01-09T17:53:54.150" >
          <step title="PreDeployment: context.OutputPath /home/site/wwwroot" date="2026-01-09T17:53:54.316" >
            <step title="Building" date="2026-01-09T17:53:54.482" >
              <step title="Executing external process" date="2026-01-09T17:53:55.325" type="process" path="starter.sh" arguments="/opt/Kudu/Scripts/absoluteTar.sh /tmp/zipdeploy/extracted/node_modules /tmp/zipdeploy/extracted/node_modules.tar.gz" /><!-- duration: 9669ms -->
              <step title="Executing external process" date="2026-01-09T17:54:05.382" type="process" path="starter.sh" arguments="/opt/Kudu/Scripts/parallel_rsync.sh /tmp/zipdeploy/extracted /home/site/wwwroot 8 /tmp/ False False node_modules " /><!-- duration: 2950ms -->
              <step title="Modified file to trigger a restart of the app container." date="2026-01-09T17:54:09.212" /><!-- duration: 5ms -->
              <step title="Skip function trigger and logicapp sync because function is not enabled." date="2026-01-09T17:54:09.221" /><!-- duration: 8ms -->
            </step><!-- duration: 15888ms -->
          </step><!-- duration: 16069ms -->
          <step title="Cleaning up temp files" date="2026-01-09T17:54:10.389" /><!-- duration: 4ms -->
          <step title="Cleaning up temp files" date="2026-01-09T17:54:10.401" /><!-- duration: 509ms -->
          <step title="Reloading status file with latest updates" date="2026-01-09T17:54:10.975" >
            <step title="WebHooksManager.PublishEventAsync: PostDeployment" date="2026-01-09T17:54:10.981" /><!-- duration: 23ms -->
          </step><!-- duration: 33ms -->
          <step title="Cleaning up temporary deployment - fetch deployment was successful" date="2026-01-09T17:54:11.022" /><!-- duration: 4ms -->
        </step><!-- duration: 16968ms -->
      </step><!-- duration: 18785ms -->
