<step title="Incoming Request" date="2026-01-09T21:09:01.796" instance="38949c" url="/api/deployments/latest?deployer=OneDeploy&amp;time=2026-01-09_21-08-38Z" method="GET" type="request" pid="853,1,31" Host="storagewebapp-e7aybcgsdad3hya7.scm.uksouth-01.azurewebsites.net" User-Agent="GITHUBACTIONS_DeployWebAppToAzure_618ad395445cc673173894fb9b5acb391e877c2027b830e7ec6356e2472f166d" Authorization="Bea..." Content-Type="application/json; charset=utf-8" Cookie="ARRAffinity=38949c4b114756bd7c43b83351207323f54ddbaae52cdb25fe8249c2ae421de3;Path=/;HttpOnly;Secure;Domain=storagewebapp-e7aybcgsdad3hya7.scm.uksouth-01.azurewebsites.net; ARRAffinitySameSite=38949c4b114756bd7c43b83351207323f54ddbaae52cdb25fe8249c2ae421de3;Path=/;HttpOnly;SameSite=None;Secure;Domain=storagewebapp-e7aybcgsdad3hya7.scm.uksouth-01.azurewebsites.net" Content-Length="0" X-ARR-LOG-ID="d079e930-3b94-44be-8c91-d539af49e670" CLIENT-IP="52.159.243.16:39872" X-SITE-DEPLOYMENT-ID="storagewebapp" WAS-DEFAULT-HOSTNAME="storagewebapp-e7aybcgsdad3hya7.scm.uksouth-01.azurewebsites.net" X-Forwarded-Proto="https" X-AppService-Proto="https" X-Forwarded-TlsVersion="1.3" X-WAWS-Unencoded-URL="/api/deployments/latest?deployer=OneDeploy&amp;time=2026-01-09_21-08-38Z" X-Client-IP="52.159.243.16" X-Client-Port="39872" >
  <step title="Cleanup Xml Logs" date="2026-01-09T21:09:01.904" >
    <step title="Cleanup Infos" date="2026-01-09T21:09:01.986" totalFiles="250" totalCleanup="90" /><!-- duration: 31ms -->
  </step><!-- duration: 171ms -->
  <step title="DeploymentService.GetResult" date="2026-01-09T21:09:02.147" >
    <step title="DeploymentService.GetLatestDeployment" date="2026-01-09T21:09:02.175" >
      <step title="DeploymentManager.GetResults" date="2026-01-09T21:09:02.195" /><!-- duration: 1369ms -->
    </step><!-- duration: 1412ms -->
  </step><!-- duration: 1445ms -->
  <step title="Outgoing response" date="2026-01-09T21:09:03.596" type="response" statusCode="202" statusText="Accepted" /><!-- duration: 4ms -->
</step><!-- duration: 1812ms -->
