<step title="BackgroundTrace" date="2026-01-09T18:49:23.433" instance="38949c" url="/api/publish" method="POST" >
  <step title="Cleanup Xml Logs" date="2026-01-09T18:49:23.452" /><!-- duration: 91ms -->
  <step title="Creating temporary deployment - FetchDeploymentManager" date="2026-01-09T18:49:23.866" /><!-- duration: 10ms -->
  <step title="Creating temporary deployment" date="2026-01-09T18:49:23.886" /><!-- duration: 209ms -->
  <step title="Performing fetch based deployment" date="2026-01-09T18:49:24.470" >
    <step title="Cleaning up temp folders from previous zip deployments and extracting pushed zip file /tmp/zipdeploy/bfa76230-9214-4426-a10e-b832870cf3b8.zip (15.12 MB) to /tmp/zipdeploy/extracted" date="2026-01-09T18:49:26.377" >
      <step title="ChmodRecursive Process exited with total time taken in ms: 315" date="2026-01-09T18:49:56.564" /><!-- duration: 32ms -->
    </step><!-- duration: 30249ms -->
    <step title="Deployment timer started" date="2026-01-09T18:49:58.798" >
      <step title="DeploymentManager.Deploy(id:10d4fad5-496d-4c03-804a-f7d734e53efa)" date="2026-01-09T18:49:58.815" >
        <step title="Collecting changeset information" date="2026-01-09T18:49:59.012" /><!-- duration: 253ms -->
        <step title="Updating submodules" date="2026-01-09T18:49:59.279" /><!-- duration: 1485ms -->
        <step title="Determining deployment builder" date="2026-01-09T18:50:01.205" >
          <step title="Builder is OneDeployBuilder" date="2026-01-09T18:50:01.276" /><!-- duration: 9ms -->
        </step><!-- duration: 90ms -->
        <step title="PreDeployment: context.CleanOutputPath False" date="2026-01-09T18:50:01.415" >
          <step title="PreDeployment: context.OutputPath /home/site/wwwroot" date="2026-01-09T18:50:01.721" >
            <step title="Building" date="2026-01-09T18:50:02.189" >
              <step title="Executing external process" date="2026-01-09T18:50:09.350" type="process" path="starter.sh" arguments="/opt/Kudu/Scripts/absoluteTar.sh /tmp/zipdeploy/extracted/node_modules /tmp/zipdeploy/extracted/node_modules.tar.gz" /><!-- duration: 19163ms -->
              <step title="Executing external process" date="2026-01-09T18:50:28.889" type="process" path="starter.sh" arguments="/opt/Kudu/Scripts/parallel_rsync.sh /tmp/zipdeploy/extracted /home/site/wwwroot 8 /tmp/ False False node_modules " /><!-- duration: 2539ms -->
              <step title="Modified file to trigger a restart of the app container." date="2026-01-09T18:50:32.321" /><!-- duration: 3ms -->
              <step title="Skip function trigger and logicapp sync because function is not enabled." date="2026-01-09T18:50:32.331" /><!-- duration: 3ms -->
            </step><!-- duration: 31230ms -->
          </step><!-- duration: 31703ms -->
          <step title="Cleaning up temp files" date="2026-01-09T18:50:33.428" /><!-- duration: 8ms -->
          <step title="Cleaning up temp files" date="2026-01-09T18:50:33.440" /><!-- duration: 505ms -->
          <step title="Reloading status file with latest updates" date="2026-01-09T18:50:34.267" >
            <step title="WebHooksManager.PublishEventAsync: PostDeployment" date="2026-01-09T18:50:34.300" /><!-- duration: 908ms -->
          </step><!-- duration: 1013ms -->
          <step title="Cleaning up temporary deployment - fetch deployment was successful" date="2026-01-09T18:50:35.379" /><!-- duration: 70ms -->
        </step><!-- duration: 34215ms -->
      </step><!-- duration: 36886ms -->
