<step title="BackgroundTrace" date="2026-01-09T19:19:52.728" instance="38949c" url="/api/publish" method="POST" >
  <step title="Creating temporary deployment - FetchDeploymentManager" date="2026-01-09T19:19:52.812" /><!-- duration: 2ms -->
  <step title="Creating temporary deployment" date="2026-01-09T19:19:52.819" /><!-- duration: 77ms -->
  <step title="Performing fetch based deployment" date="2026-01-09T19:19:52.929" >
    <step title="Cleaning up temp folders from previous zip deployments and extracting pushed zip file /tmp/zipdeploy/5b0a2f64-29da-494a-97ca-f19a400e33f5.zip (14.95 MB) to /tmp/zipdeploy/extracted" date="2026-01-09T19:19:54.790" >
      <step title="ChmodRecursive Process exited with total time taken in ms: 330" date="2026-01-09T19:20:10.164" /><!-- duration: 30ms -->
    </step><!-- duration: 15408ms -->
    <step title="Deployment timer started" date="2026-01-09T19:20:12.206" >
      <step title="DeploymentManager.Deploy(id:a41a0af2-e889-4989-a89c-f8da3a8817e9)" date="2026-01-09T19:20:12.215" >
        <step title="Collecting changeset information" date="2026-01-09T19:20:12.247" /><!-- duration: 155ms -->
        <step title="Updating submodules" date="2026-01-09T19:20:12.406" /><!-- duration: 1169ms -->
        <step title="Determining deployment builder" date="2026-01-09T19:20:13.791" >
          <step title="Builder is OneDeployBuilder" date="2026-01-09T19:20:13.810" /><!-- duration: 10ms -->
        </step><!-- duration: 32ms -->
        <step title="PreDeployment: context.CleanOutputPath False" date="2026-01-09T19:20:13.891" >
          <step title="PreDeployment: context.OutputPath /home/site/wwwroot" date="2026-01-09T19:20:14.037" >
            <step title="Building" date="2026-01-09T19:20:14.190" >
              <step title="Executing external process" date="2026-01-09T19:20:14.930" type="process" path="starter.sh" arguments="/opt/Kudu/Scripts/absoluteTar.sh /tmp/zipdeploy/extracted/node_modules /tmp/zipdeploy/extracted/node_modules.tar.gz" /><!-- duration: 8038ms -->
              <step title="Executing external process" date="2026-01-09T19:20:23.393" type="process" path="starter.sh" arguments="/opt/Kudu/Scripts/parallel_rsync.sh /tmp/zipdeploy/extracted /home/site/wwwroot 8 /tmp/ False False node_modules " /><!-- duration: 2848ms -->
              <step title="Modified file to trigger a restart of the app container." date="2026-01-09T19:20:27.145" /><!-- duration: 21ms -->
              <step title="Skip function trigger and logicapp sync because function is not enabled." date="2026-01-09T19:20:27.170" /><!-- duration: 16ms -->
            </step><!-- duration: 14306ms -->
          </step><!-- duration: 14465ms -->
          <step title="Cleaning up temp files" date="2026-01-09T19:20:28.504" /><!-- duration: 3ms -->
          <step title="Cleaning up temp files" date="2026-01-09T19:20:28.510" /><!-- duration: 514ms -->
          <step title="Reloading status file with latest updates" date="2026-01-09T19:20:29.127" >
            <step title="WebHooksManager.PublishEventAsync: PostDeployment" date="2026-01-09T19:20:29.129" /><!-- duration: 99ms -->
          </step><!-- duration: 110ms -->
          <step title="Cleaning up temporary deployment - fetch deployment was successful" date="2026-01-09T19:20:29.248" /><!-- duration: 18ms -->
        </step><!-- duration: 15475ms -->
      </step><!-- duration: 17209ms -->
