<step title="Incoming Request" date="2026-01-09T19:19:51.807" instance="38949c" url="/api/publish?async=true&amp;deployer=GITHUB_ONE_DEPLOY&amp;type=zip&amp;message=%7B%22type%22%3A%22deployment%22%2C%22sha%22%3A%22605fc40fbe69d2d6950742da65f3ea33bd60abd7%22%2C%22repoName%22%3A%22cooky667%2Fblobstorageapi%22%2C%22actor%22%3A%22cooky667%22%2C%22slotName%22%3A%22Production%22%2C%22commitMessage%22%3A%22API%3A%20switch%20to%20Busboy%20streaming%20and%20add%20exists%20endpoint%22%7D" method="POST" type="request" pid="853,1,35" Host="storagewebapp-e7aybcgsdad3hya7.scm.uksouth-01.azurewebsites.net" User-Agent="GITHUBACTIONS_DeployWebAppToAzure_618ad395445cc673173894fb9b5acb391e877c2027b830e7ec6356e2472f166d" Authorization="Bea..." Content-Type="application/octet-stream" Cookie="ARRAffinity=38949c4b114756bd7c43b83351207323f54ddbaae52cdb25fe8249c2ae421de3;Path=/;HttpOnly;Secure;Domain=storagewebapp-e7aybcgsdad3hya7.scm.uksouth-01.azurewebsites.net; ARRAffinitySameSite=38949c4b114756bd7c43b83351207323f54ddbaae52cdb25fe8249c2ae421de3;Path=/;HttpOnly;SameSite=None;Secure;Domain=storagewebapp-e7aybcgsdad3hya7.scm.uksouth-01.azurewebsites.net" Transfer-Encoding="chunked" X-ARR-LOG-ID="74e08dd2-6018-4e1b-bf6b-7e7caae627e4" CLIENT-IP="64.236.137.129:36801" X-SITE-DEPLOYMENT-ID="storagewebapp" WAS-DEFAULT-HOSTNAME="storagewebapp-e7aybcgsdad3hya7.scm.uksouth-01.azurewebsites.net" X-Forwarded-Proto="https" X-AppService-Proto="https" X-Forwarded-TlsVersion="1.3" X-WAWS-Unencoded-URL="/api/publish?async=true&amp;deployer=GITHUB_ONE_DEPLOY&amp;type=zip&amp;message=%7B%22type%22%3A%22deployment%22%2C%22sha%22%3A%22605fc40fbe69d2d6950742da65f3ea33bd60abd7%22%2C%22repoName%22%3A%22cooky667%2Fblobstorageapi%22%2C%22actor%22%3A%22cooky667%22%2C%22slotName%22%3A%22Production%22%2C%22commitMessage%22%3A%22API%3A%20switch%20to%20Busboy%20streaming%20and%20add%20exists%20endpoint%22%7D" X-Client-IP="64.236.137.129" X-Client-Port="36801" >
  <step title="Cleanup Xml Logs" date="2026-01-09T19:19:51.847" /><!-- duration: 30ms -->
  <step title="OneDeploy" date="2026-01-09T19:19:52.022" >
    <step title="Starting PushDeployAsync" date="2026-01-09T19:19:52.033" /><!-- duration: 6ms -->
    <step title="Removing node_modules symlink" date="2026-01-09T19:19:52.090" >
      <step title="Removing _del_node_modules symlink" date="2026-01-09T19:19:52.193" >
        <step title="Writing artifact to /tmp/zipdeploy/5b0a2f64-29da-494a-97ca-f19a400e33f5.zip" date="2026-01-09T19:19:52.230" >
          <step title="Writing multipart request body to /tmp/zipdeploy/5b0a2f64-29da-494a-97ca-f19a400e33f5.zip" date="2026-01-09T19:19:52.238" /><!-- duration: 20ms -->
        </step><!-- duration: 449ms -->
        <step title="Start deployment in the background" date="2026-01-09T19:19:52.715" >
          <step title="Acquiring Deployment Lock" date="2026-01-09T19:19:52.777" /><!-- duration: 3ms -->
          <step title="Acquired Deployment Lock" date="2026-01-09T19:19:52.805" /><!-- duration: 5ms -->
        </step><!-- duration: 183ms -->
      </step><!-- duration: 714ms -->
      <step title="Outgoing response" date="2026-01-09T19:19:52.913" type="response" statusCode="202" statusText="Accepted" /><!-- duration: 5ms -->
    </step><!-- duration: 833ms -->
