<step title="Incoming Request" date="2026-01-09T18:49:14.672" instance="38949c" url="/api/publish?async=true&amp;deployer=GITHUB_ONE_DEPLOY&amp;type=zip&amp;message=%7B%22type%22%3A%22deployment%22%2C%22sha%22%3A%22651e8cd75fcbd6ec667f0ad4350c17b254c0a4fe%22%2C%22repoName%22%3A%22cooky667%2Fblobstorageapi%22%2C%22actor%22%3A%22cooky667%22%2C%22slotName%22%3A%22Production%22%2C%22commitMessage%22%3A%22API%3A%20remove%20express.json()%20to%20allow%20multer%20to%20handle%20multipart%20data%22%7D" method="POST" type="request" pid="853,1,7" Host="storagewebapp-e7aybcgsdad3hya7.scm.uksouth-01.azurewebsites.net" User-Agent="GITHUBACTIONS_DeployWebAppToAzure_618ad395445cc673173894fb9b5acb391e877c2027b830e7ec6356e2472f166d" Authorization="Bea..." Content-Type="application/octet-stream" Cookie="ARRAffinity=38949c4b114756bd7c43b83351207323f54ddbaae52cdb25fe8249c2ae421de3;Path=/;HttpOnly;Secure;Domain=storagewebapp-e7aybcgsdad3hya7.scm.uksouth-01.azurewebsites.net; ARRAffinitySameSite=38949c4b114756bd7c43b83351207323f54ddbaae52cdb25fe8249c2ae421de3;Path=/;HttpOnly;SameSite=None;Secure;Domain=storagewebapp-e7aybcgsdad3hya7.scm.uksouth-01.azurewebsites.net" Transfer-Encoding="chunked" X-ARR-LOG-ID="5fc57222-84fa-445a-b77a-0a18ac4d3a6b" CLIENT-IP="20.109.38.229:41152" X-SITE-DEPLOYMENT-ID="storagewebapp" WAS-DEFAULT-HOSTNAME="storagewebapp-e7aybcgsdad3hya7.scm.uksouth-01.azurewebsites.net" X-Forwarded-Proto="https" X-AppService-Proto="https" X-Forwarded-TlsVersion="1.3" X-WAWS-Unencoded-URL="/api/publish?async=true&amp;deployer=GITHUB_ONE_DEPLOY&amp;type=zip&amp;message=%7B%22type%22%3A%22deployment%22%2C%22sha%22%3A%22651e8cd75fcbd6ec667f0ad4350c17b254c0a4fe%22%2C%22repoName%22%3A%22cooky667%2Fblobstorageapi%22%2C%22actor%22%3A%22cooky667%22%2C%22slotName%22%3A%22Production%22%2C%22commitMessage%22%3A%22API%3A%20remove%20express.json()%20to%20allow%20multer%20to%20handle%20multipart%20data%22%7D" X-Client-IP="20.109.38.229" X-Client-Port="41152" >
  <step title="Cleanup Xml Logs" date="2026-01-09T18:49:14.733" /><!-- duration: 289ms -->
  <step title="OneDeploy" date="2026-01-09T18:49:18.394" >
    <step title="None repository commit" date="2026-01-09T18:49:19.005" >
      <step title="Commit id: 10d4fad5-496d-4c03-804a-f7d734e53efa" date="2026-01-09T18:49:19.025" Message="N/A" AuthorName="N/A" AuthorEmail="N/A" /><!-- duration: 111ms -->
    </step><!-- duration: 191ms -->
    <step title="Starting PushDeployAsync" date="2026-01-09T18:49:19.207" /><!-- duration: 21ms -->
    <step title="Removing node_modules symlink" date="2026-01-09T18:49:19.719" >
      <step title="Writing artifact to /tmp/zipdeploy/bfa76230-9214-4426-a10e-b832870cf3b8.zip" date="2026-01-09T18:49:20.504" >
        <step title="Writing multipart request body to /tmp/zipdeploy/bfa76230-9214-4426-a10e-b832870cf3b8.zip" date="2026-01-09T18:49:20.534" /><!-- duration: 29ms -->
      </step><!-- duration: 2787ms -->
      <step title="Start deployment in the background" date="2026-01-09T18:49:23.380" >
        <step title="Acquiring Deployment Lock" date="2026-01-09T18:49:23.601" /><!-- duration: 11ms -->
        <step title="Acquired Deployment Lock" date="2026-01-09T18:49:23.795" /><!-- duration: 20ms -->
      </step><!-- duration: 888ms -->
    </step><!-- duration: 4651ms -->
    <step title="Outgoing response" date="2026-01-09T18:49:24.410" type="response" statusCode="202" statusText="Accepted" /><!-- duration: 10ms -->
  </step><!-- duration: 6034ms -->
