<step title="BackgroundTrace" date="2026-01-09T20:45:39.778" instance="38949c" url="/api/publish" method="POST" >
  <step title="Creating temporary deployment - FetchDeploymentManager" date="2026-01-09T20:45:39.848" /><!-- duration: 4ms -->
  <step title="Creating temporary deployment" date="2026-01-09T20:45:39.857" /><!-- duration: 81ms -->
  <step title="Performing fetch based deployment" date="2026-01-09T20:45:40.008" >
    <step title="Cleaning up temp folders from previous zip deployments and extracting pushed zip file /tmp/zipdeploy/67c2bb52-ca86-4298-bac5-55cd34df69ca.zip (14.95 MB) to /tmp/zipdeploy/extracted" date="2026-01-09T20:45:41.995" >
      <step title="ChmodRecursive Process exited with total time taken in ms: 300" date="2026-01-09T20:45:50.612" /><!-- duration: 12ms -->
    </step><!-- duration: 8632ms -->
    <step title="Deployment timer started" date="2026-01-09T20:45:52.653" >
      <step title="DeploymentManager.Deploy(id:b448a13b-b5dd-4f89-ae7e-b28ec95c6beb)" date="2026-01-09T20:45:52.658" >
        <step title="Collecting changeset information" date="2026-01-09T20:45:52.675" /><!-- duration: 144ms -->
        <step title="Updating submodules" date="2026-01-09T20:45:52.832" /><!-- duration: 1157ms -->
        <step title="Determining deployment builder" date="2026-01-09T20:45:54.207" >
          <step title="Builder is OneDeployBuilder" date="2026-01-09T20:45:54.227" /><!-- duration: 11ms -->
        </step><!-- duration: 34ms -->
        <step title="PreDeployment: context.CleanOutputPath False" date="2026-01-09T20:45:54.293" >
          <step title="PreDeployment: context.OutputPath /home/site/wwwroot" date="2026-01-09T20:45:54.427" >
            <step title="Building" date="2026-01-09T20:45:54.606" >
              <step title="Executing external process" date="2026-01-09T20:45:56.179" type="process" path="starter.sh" arguments="/opt/Kudu/Scripts/absoluteTar.sh /tmp/zipdeploy/extracted/node_modules /tmp/zipdeploy/extracted/node_modules.tar.gz" /><!-- duration: 9973ms -->
              <step title="Executing external process" date="2026-01-09T20:46:06.488" type="process" path="starter.sh" arguments="/opt/Kudu/Scripts/parallel_rsync.sh /tmp/zipdeploy/extracted /home/site/wwwroot 8 /tmp/ False False node_modules " /><!-- duration: 2909ms -->
              <step title="Modified file to trigger a restart of the app container." date="2026-01-09T20:46:10.793" /><!-- duration: 25ms -->
              <step title="Skip function trigger and logicapp sync because function is not enabled." date="2026-01-09T20:46:10.822" /><!-- duration: 5ms -->
              <step title="Purge deployment items" date="2026-01-09T20:46:12.401" >
                <step title="Remove 5d413146-, Success, received at 01/09/2026 18:55:12" date="2026-01-09T20:46:12.482" /><!-- duration: 10ms -->
              </step><!-- duration: 95ms -->
            </step><!-- duration: 17961ms -->
          </step><!-- duration: 18146ms -->
          <step title="Cleaning up temp files" date="2026-01-09T20:46:12.592" /><!-- duration: 4ms -->
          <step title="Cleaning up temp files" date="2026-01-09T20:46:12.599" /><!-- duration: 504ms -->
          <step title="Reloading status file with latest updates" date="2026-01-09T20:46:13.126" >
            <step title="WebHooksManager.PublishEventAsync: PostDeployment" date="2026-01-09T20:46:13.129" /><!-- duration: 22ms -->
          </step><!-- duration: 28ms -->
          <step title="Cleaning up temporary deployment - fetch deployment was successful" date="2026-01-09T20:46:13.158" /><!-- duration: 3ms -->
        </step><!-- duration: 18938ms -->
      </step><!-- duration: 20586ms -->
