<step title="Incoming Request" date="2026-01-09T19:40:48.076" instance="38949c" url="/api/publish?async=true&amp;deployer=GITHUB_ONE_DEPLOY&amp;type=zip&amp;message=%7B%22type%22%3A%22deployment%22%2C%22sha%22%3A%22d786cbaccd37031d1f5506a290b1171399c5a73f%22%2C%22repoName%22%3A%22cooky667%2Fblobstorageapi%22%2C%22actor%22%3A%22cooky667%22%2C%22slotName%22%3A%22Production%22%2C%22commitMessage%22%3A%22API%3A%20fix%20Busboy%20instantiation%20-%20use%20function%20call%20not%20new%20keyword%22%7D" method="POST" type="request" pid="853,1,15" Host="storagewebapp-e7aybcgsdad3hya7.scm.uksouth-01.azurewebsites.net" User-Agent="GITHUBACTIONS_DeployWebAppToAzure_618ad395445cc673173894fb9b5acb391e877c2027b830e7ec6356e2472f166d" Authorization="Bea..." Content-Type="application/octet-stream" Cookie="ARRAffinity=38949c4b114756bd7c43b83351207323f54ddbaae52cdb25fe8249c2ae421de3;Path=/;HttpOnly;Secure;Domain=storagewebapp-e7aybcgsdad3hya7.scm.uksouth-01.azurewebsites.net; ARRAffinitySameSite=38949c4b114756bd7c43b83351207323f54ddbaae52cdb25fe8249c2ae421de3;Path=/;HttpOnly;SameSite=None;Secure;Domain=storagewebapp-e7aybcgsdad3hya7.scm.uksouth-01.azurewebsites.net" Transfer-Encoding="chunked" X-ARR-LOG-ID="3c918639-39d3-4bec-a3af-53b75b64dc92" CLIENT-IP="172.208.154.2:46096" X-SITE-DEPLOYMENT-ID="storagewebapp" WAS-DEFAULT-HOSTNAME="storagewebapp-e7aybcgsdad3hya7.scm.uksouth-01.azurewebsites.net" X-Forwarded-Proto="https" X-AppService-Proto="https" X-Forwarded-TlsVersion="1.3" X-WAWS-Unencoded-URL="/api/publish?async=true&amp;deployer=GITHUB_ONE_DEPLOY&amp;type=zip&amp;message=%7B%22type%22%3A%22deployment%22%2C%22sha%22%3A%22d786cbaccd37031d1f5506a290b1171399c5a73f%22%2C%22repoName%22%3A%22cooky667%2Fblobstorageapi%22%2C%22actor%22%3A%22cooky667%22%2C%22slotName%22%3A%22Production%22%2C%22commitMessage%22%3A%22API%3A%20fix%20Busboy%20instantiation%20-%20use%20function%20call%20not%20new%20keyword%22%7D" X-Client-IP="172.208.154.2" X-Client-Port="46096" >
  <step title="Cleanup Xml Logs" date="2026-01-09T19:40:48.083" /><!-- duration: 7ms -->
  <step title="OneDeploy" date="2026-01-09T19:40:48.105" >
    <step title="Starting PushDeployAsync" date="2026-01-09T19:40:48.121" /><!-- duration: 4ms -->
    <step title="Removing node_modules symlink" date="2026-01-09T19:40:48.139" >
      <step title="Writing artifact to /tmp/zipdeploy/31265472-4a5a-4c0e-84fd-048f80eec16d.zip" date="2026-01-09T19:40:48.263" >
        <step title="Writing multipart request body to /tmp/zipdeploy/31265472-4a5a-4c0e-84fd-048f80eec16d.zip" date="2026-01-09T19:40:48.269" /><!-- duration: 3ms -->
      </step><!-- duration: 1198ms -->
      <step title="Start deployment in the background" date="2026-01-09T19:40:49.496" >
        <step title="Acquiring Deployment Lock" date="2026-01-09T19:40:49.523" /><!-- duration: 3ms -->
        <step title="Acquired Deployment Lock" date="2026-01-09T19:40:49.549" /><!-- duration: 3ms -->
      </step><!-- duration: 149ms -->
    </step><!-- duration: 1512ms -->
    <step title="Outgoing response" date="2026-01-09T19:40:49.664" type="response" statusCode="202" statusText="Accepted" /><!-- duration: 3ms -->
  </step><!-- duration: 1570ms -->
