<step title="Incoming Request" date="2026-01-09T17:09:47.395" instance="f07aec" url="/api/publish?async=true&amp;deployer=GITHUB_ONE_DEPLOY&amp;type=zip&amp;message=%7B%22type%22%3A%22deployment%22%2C%22sha%22%3A%228c951341006a471802fb4ad79345f623eed77811%22%2C%22repoName%22%3A%22cooky667%2Fblobstorageapi%22%2C%22actor%22%3A%22cooky667%22%2C%22slotName%22%3A%22Production%22%2C%22commitMessage%22%3A%22API%3A%20enable%20CORS%20and%20remove%20wildcard%20options%20route%20causing%20path-to-regexp%20error%22%7D" method="POST" type="request" pid="853,1,15" Host="storagewebapp-e7aybcgsdad3hya7.scm.uksouth-01.azurewebsites.net" User-Agent="GITHUBACTIONS_DeployWebAppToAzure_618ad395445cc673173894fb9b5acb391e877c2027b830e7ec6356e2472f166d" Authorization="Bea..." Content-Type="application/octet-stream" Cookie="ARRAffinity=f07aec79734d8bf10f3fd4121c637821b5012b69243d980eeadb0c647194e673;Path=/;HttpOnly;Secure;Domain=storagewebapp-e7aybcgsdad3hya7.scm.uksouth-01.azurewebsites.net; ARRAffinitySameSite=f07aec79734d8bf10f3fd4121c637821b5012b69243d980eeadb0c647194e673;Path=/;HttpOnly;SameSite=None;Secure;Domain=storagewebapp-e7aybcgsdad3hya7.scm.uksouth-01.azurewebsites.net" Transfer-Encoding="chunked" X-ARR-LOG-ID="24cd5108-e10d-4cb9-b570-781aead44332" CLIENT-IP="52.161.51.145:50209" X-SITE-DEPLOYMENT-ID="storagewebapp" WAS-DEFAULT-HOSTNAME="storagewebapp-e7aybcgsdad3hya7.scm.uksouth-01.azurewebsites.net" X-Forwarded-Proto="https" X-AppService-Proto="https" X-Forwarded-TlsVersion="1.3" X-WAWS-Unencoded-URL="/api/publish?async=true&amp;deployer=GITHUB_ONE_DEPLOY&amp;type=zip&amp;message=%7B%22type%22%3A%22deployment%22%2C%22sha%22%3A%228c951341006a471802fb4ad79345f623eed77811%22%2C%22repoName%22%3A%22cooky667%2Fblobstorageapi%22%2C%22actor%22%3A%22cooky667%22%2C%22slotName%22%3A%22Production%22%2C%22commitMessage%22%3A%22API%3A%20enable%20CORS%20and%20remove%20wildcard%20options%20route%20causing%20path-to-regexp%20error%22%7D" X-Client-IP="52.161.51.145" X-Client-Port="50209" >
  <step title="Cleanup Xml Logs" date="2026-01-09T17:09:47.398" /><!-- duration: 26ms -->
  <step title="OneDeploy" date="2026-01-09T17:09:47.630" >
    <step title="None repository commit" date="2026-01-09T17:09:47.646" >
      <step title="Commit id: ecb13f52-3fec-4054-a7d7-64a8f07a22f6" date="2026-01-09T17:09:47.650" Message="N/A" AuthorName="N/A" AuthorEmail="N/A" /><!-- duration: 3ms -->
    </step><!-- duration: 14ms -->
    <step title="Starting PushDeployAsync" date="2026-01-09T17:09:47.665" /><!-- duration: 3ms -->
    <step title="Removing node_modules symlink" date="2026-01-09T17:09:47.743" >
      <step title="Removing _del_node_modules symlink" date="2026-01-09T17:09:47.900" >
        <step title="Writing artifact to /tmp/zipdeploy/ccdf624c-4e10-490d-b8b0-c122108fc035.zip" date="2026-01-09T17:09:48.082" >
          <step title="Writing multipart request body to /tmp/zipdeploy/ccdf624c-4e10-490d-b8b0-c122108fc035.zip" date="2026-01-09T17:09:48.154" /><!-- duration: 49ms -->
        </step><!-- duration: 875ms -->
        <step title="Start deployment in the background" date="2026-01-09T17:09:49.023" >
          <step title="Acquiring Deployment Lock" date="2026-01-09T17:09:49.050" /><!-- duration: 13ms -->
          <step title="Acquired Deployment Lock" date="2026-01-09T17:09:49.105" /><!-- duration: 3ms -->
        </step><!-- duration: 297ms -->
      </step><!-- duration: 1430ms -->
      <step title="Outgoing response" date="2026-01-09T17:09:49.347" type="response" statusCode="202" statusText="Accepted" /><!-- duration: 3ms -->
    </step><!-- duration: 1612ms -->
