<step title="BackgroundTrace" date="2026-01-09T17:38:15.103" instance="f07aec" url="/api/publish" method="POST" >
  <step title="Creating temporary deployment - FetchDeploymentManager" date="2026-01-09T17:38:15.202" /><!-- duration: 3ms -->
  <step title="Creating temporary deployment" date="2026-01-09T17:38:15.210" /><!-- duration: 83ms -->
  <step title="Performing fetch based deployment" date="2026-01-09T17:38:15.327" >
    <step title="Cleaning up temp folders from previous zip deployments and extracting pushed zip file /tmp/zipdeploy/6fdbdf53-e629-4464-b239-dfba2afca667.zip (14.91 MB) to /tmp/zipdeploy/extracted" date="2026-01-09T17:38:16.716" >
      <step title="ChmodRecursive Process exited with total time taken in ms: 342" date="2026-01-09T17:38:26.975" /><!-- duration: 8ms -->
    </step><!-- duration: 10272ms -->
    <step title="Deployment timer started" date="2026-01-09T17:38:29.009" >
      <step title="DeploymentManager.Deploy(id:ff64f309-a1f1-46b0-977b-47a7efbe76fb)" date="2026-01-09T17:38:29.022" >
        <step title="Collecting changeset information" date="2026-01-09T17:38:29.089" /><!-- duration: 125ms -->
        <step title="Updating submodules" date="2026-01-09T17:38:29.240" /><!-- duration: 1434ms -->
        <step title="Determining deployment builder" date="2026-01-09T17:38:31.099" >
          <step title="Builder is OneDeployBuilder" date="2026-01-09T17:38:31.129" /><!-- duration: 4ms -->
        </step><!-- duration: 42ms -->
        <step title="PreDeployment: context.CleanOutputPath False" date="2026-01-09T17:38:31.191" >
          <step title="PreDeployment: context.OutputPath /home/site/wwwroot" date="2026-01-09T17:38:31.353" >
            <step title="Building" date="2026-01-09T17:38:31.524" >
              <step title="Executing external process" date="2026-01-09T17:38:32.457" type="process" path="starter.sh" arguments="/opt/Kudu/Scripts/absoluteTar.sh /tmp/zipdeploy/extracted/node_modules /tmp/zipdeploy/extracted/node_modules.tar.gz" /><!-- duration: 8014ms -->
              <step title="Executing external process" date="2026-01-09T17:38:41.106" type="process" path="starter.sh" arguments="/opt/Kudu/Scripts/parallel_rsync.sh /tmp/zipdeploy/extracted /home/site/wwwroot 8 /tmp/ False False node_modules " /><!-- duration: 2745ms -->
              <step title="Modified file to trigger a restart of the app container." date="2026-01-09T17:38:44.851" /><!-- duration: 19ms -->
              <step title="Skip function trigger and logicapp sync because function is not enabled." date="2026-01-09T17:38:44.877" /><!-- duration: 4ms -->
            </step><!-- duration: 14366ms -->
          </step><!-- duration: 14605ms -->
          <step title="Cleaning up temp files" date="2026-01-09T17:38:45.977" /><!-- duration: 12ms -->
          <step title="Cleaning up temp files" date="2026-01-09T17:38:45.996" /><!-- duration: 508ms -->
          <step title="Reloading status file with latest updates" date="2026-01-09T17:38:46.545" >
            <step title="WebHooksManager.PublishEventAsync: PostDeployment" date="2026-01-09T17:38:46.551" /><!-- duration: 44ms -->
          </step><!-- duration: 58ms -->
          <step title="Cleaning up temporary deployment - fetch deployment was successful" date="2026-01-09T17:38:46.611" /><!-- duration: 4ms -->
        </step><!-- duration: 15511ms -->
      </step><!-- duration: 17704ms -->
