<step title="Incoming Request" date="2026-01-09T20:10:14.141" instance="38949c" url="/api/publish?async=true&amp;deployer=GITHUB_ONE_DEPLOY&amp;type=zip&amp;message=%7B%22type%22%3A%22deployment%22%2C%22sha%22%3A%2292ecd9a98cb4e00df4ce547351b52b0034fc915d%22%2C%22repoName%22%3A%22cooky667%2Fblobstorageapi%22%2C%22actor%22%3A%22cooky667%22%2C%22slotName%22%3A%22Production%22%2C%22commitMessage%22%3A%22API%3A%20improve%20CORS%20configuration%20with%20explicit%20options%22%7D" method="POST" type="request" pid="853,1,38" Host="storagewebapp-e7aybcgsdad3hya7.scm.uksouth-01.azurewebsites.net" User-Agent="GITHUBACTIONS_DeployWebAppToAzure_618ad395445cc673173894fb9b5acb391e877c2027b830e7ec6356e2472f166d" Authorization="Bea..." Content-Type="application/octet-stream" Cookie="ARRAffinity=38949c4b114756bd7c43b83351207323f54ddbaae52cdb25fe8249c2ae421de3;Path=/;HttpOnly;Secure;Domain=storagewebapp-e7aybcgsdad3hya7.scm.uksouth-01.azurewebsites.net; ARRAffinitySameSite=38949c4b114756bd7c43b83351207323f54ddbaae52cdb25fe8249c2ae421de3;Path=/;HttpOnly;SameSite=None;Secure;Domain=storagewebapp-e7aybcgsdad3hya7.scm.uksouth-01.azurewebsites.net" Transfer-Encoding="chunked" X-ARR-LOG-ID="64b871c4-f910-4582-a625-30ae41318cd6" CLIENT-IP="172.182.195.179:53248" X-SITE-DEPLOYMENT-ID="storagewebapp" WAS-DEFAULT-HOSTNAME="storagewebapp-e7aybcgsdad3hya7.scm.uksouth-01.azurewebsites.net" X-Forwarded-Proto="https" X-AppService-Proto="https" X-Forwarded-TlsVersion="1.3" X-WAWS-Unencoded-URL="/api/publish?async=true&amp;deployer=GITHUB_ONE_DEPLOY&amp;type=zip&amp;message=%7B%22type%22%3A%22deployment%22%2C%22sha%22%3A%2292ecd9a98cb4e00df4ce547351b52b0034fc915d%22%2C%22repoName%22%3A%22cooky667%2Fblobstorageapi%22%2C%22actor%22%3A%22cooky667%22%2C%22slotName%22%3A%22Production%22%2C%22commitMessage%22%3A%22API%3A%20improve%20CORS%20configuration%20with%20explicit%20options%22%7D" X-Client-IP="172.182.195.179" X-Client-Port="53248" >
  <step title="Cleanup Xml Logs" date="2026-01-09T20:10:14.145" /><!-- duration: 6ms -->
  <step title="OneDeploy" date="2026-01-09T20:10:14.164" >
    <step title="Starting PushDeployAsync" date="2026-01-09T20:10:14.176" /><!-- duration: 7ms -->
    <step title="Removing node_modules symlink" date="2026-01-09T20:10:14.205" >
      <step title="Writing artifact to /tmp/zipdeploy/414ff239-e70d-49f4-b99a-a6a1113282bb.zip" date="2026-01-09T20:10:14.313" >
        <step title="Writing multipart request body to /tmp/zipdeploy/414ff239-e70d-49f4-b99a-a6a1113282bb.zip" date="2026-01-09T20:10:14.319" /><!-- duration: 6ms -->
      </step><!-- duration: 1304ms -->
      <step title="Start deployment in the background" date="2026-01-09T20:10:15.632" >
        <step title="Acquiring Deployment Lock" date="2026-01-09T20:10:15.673" /><!-- duration: 3ms -->
        <step title="Acquired Deployment Lock" date="2026-01-09T20:10:15.707" /><!-- duration: 3ms -->
      </step><!-- duration: 151ms -->
    </step><!-- duration: 1582ms -->
    <step title="Outgoing response" date="2026-01-09T20:10:15.852" type="response" statusCode="202" statusText="Accepted" /><!-- duration: 3ms -->
  </step><!-- duration: 1693ms -->
