<step title="BackgroundTrace" date="2026-01-09T19:20:53.860" instance="38949c" url="/api/publish" method="POST" >
  <step title="Creating temporary deployment - FetchDeploymentManager" date="2026-01-09T19:20:54.123" /><!-- duration: 9ms -->
  <step title="Creating temporary deployment" date="2026-01-09T19:20:54.174" /><!-- duration: 120ms -->
  <step title="Performing fetch based deployment" date="2026-01-09T19:20:54.455" >
    <step title="Cleaning up temp folders from previous zip deployments and extracting pushed zip file /tmp/zipdeploy/1ffa0727-24df-4910-990e-f90daf2e9628.zip (14.95 MB) to /tmp/zipdeploy/extracted" date="2026-01-09T19:20:56.185" >
      <step title="ChmodRecursive Process exited with total time taken in ms: 378" date="2026-01-09T19:21:25.172" /><!-- duration: 20ms -->
    </step><!-- duration: 29035ms -->
    <step title="Deployment timer started" date="2026-01-09T19:21:27.280" >
      <step title="DeploymentManager.Deploy(id:8321f0e6-c9dd-4c82-ba6c-0d968e87de03)" date="2026-01-09T19:21:27.359" >
        <step title="Collecting changeset information" date="2026-01-09T19:21:27.451" /><!-- duration: 1154ms -->
        <step title="Updating submodules" date="2026-01-09T19:21:28.684" /><!-- duration: 1558ms -->
        <step title="Determining deployment builder" date="2026-01-09T19:21:31.145" >
          <step title="Builder is OneDeployBuilder" date="2026-01-09T19:21:31.326" /><!-- duration: 23ms -->
        </step><!-- duration: 252ms -->
        <step title="PreDeployment: context.CleanOutputPath False" date="2026-01-09T19:21:31.699" >
          <step title="PreDeployment: context.OutputPath /home/site/wwwroot" date="2026-01-09T19:21:32.193" >
            <step title="Building" date="2026-01-09T19:21:32.744" >
              <step title="Executing external process" date="2026-01-09T19:21:35.004" type="process" path="starter.sh" arguments="/opt/Kudu/Scripts/absoluteTar.sh /tmp/zipdeploy/extracted/node_modules /tmp/zipdeploy/extracted/node_modules.tar.gz" /><!-- duration: 34476ms -->
              <step title="Executing external process" date="2026-01-09T19:22:10.205" type="process" path="starter.sh" arguments="/opt/Kudu/Scripts/parallel_rsync.sh /tmp/zipdeploy/extracted /home/site/wwwroot 8 /tmp/ False False node_modules " /><!-- duration: 11391ms -->
              <step title="Modified file to trigger a restart of the app container." date="2026-01-09T19:22:22.914" /><!-- duration: 28ms -->
              <step title="Skip function trigger and logicapp sync because function is not enabled." date="2026-01-09T19:22:22.964" /><!-- duration: 41ms -->
              <step title="Purge deployment items" date="2026-01-09T19:22:26.475" >
                <step title="Remove 13f822d9-, Success, received at 01/09/2026 12:17:43" date="2026-01-09T19:22:26.666" /><!-- duration: 21ms -->
              </step><!-- duration: 239ms -->
            </step><!-- duration: 54122ms -->
          </step><!-- duration: 54702ms -->
          <step title="Cleaning up temp files" date="2026-01-09T19:22:26.908" /><!-- duration: 47ms -->
          <step title="Cleaning up temp files" date="2026-01-09T19:22:27.015" /><!-- duration: 543ms -->
          <step title="Reloading status file with latest updates" date="2026-01-09T19:22:27.639" >
            <step title="WebHooksManager.PublishEventAsync: PostDeployment" date="2026-01-09T19:22:27.650" /><!-- duration: 148ms -->
          </step><!-- duration: 162ms -->
          <step title="Cleaning up temporary deployment - fetch deployment was successful" date="2026-01-09T19:22:27.840" /><!-- duration: 10ms -->
        </step><!-- duration: 56413ms -->
      </step><!-- duration: 60823ms -->
