<step title="Incoming Request" date="2026-01-09T20:52:40.360" instance="38949c" url="/api/deployments/latest?deployer=OneDeploy&amp;time=2026-01-09_20-52-17Z" method="GET" type="request" pid="853,1,35" Host="storagewebapp-e7aybcgsdad3hya7.scm.uksouth-01.azurewebsites.net" User-Agent="GITHUBACTIONS_DeployWebAppToAzure_618ad395445cc673173894fb9b5acb391e877c2027b830e7ec6356e2472f166d" Authorization="Bea..." Content-Type="application/json; charset=utf-8" Cookie="ARRAffinity=38949c4b114756bd7c43b83351207323f54ddbaae52cdb25fe8249c2ae421de3;Path=/;HttpOnly;Secure;Domain=storagewebapp-e7aybcgsdad3hya7.scm.uksouth-01.azurewebsites.net; ARRAffinitySameSite=38949c4b114756bd7c43b83351207323f54ddbaae52cdb25fe8249c2ae421de3;Path=/;HttpOnly;SameSite=None;Secure;Domain=storagewebapp-e7aybcgsdad3hya7.scm.uksouth-01.azurewebsites.net" Content-Length="0" X-ARR-LOG-ID="46ba7aa0-59cc-44b5-bb5b-9117fb5e6809" CLIENT-IP="52.159.229.64:56256" X-SITE-DEPLOYMENT-ID="storagewebapp" WAS-DEFAULT-HOSTNAME="storagewebapp-e7aybcgsdad3hya7.scm.uksouth-01.azurewebsites.net" X-Forwarded-Proto="https" X-AppService-Proto="https" X-Forwarded-TlsVersion="1.3" X-WAWS-Unencoded-URL="/api/deployments/latest?deployer=OneDeploy&amp;time=2026-01-09_20-52-17Z" X-Client-IP="52.159.229.64" X-Client-Port="56256" >
  <step title="Cleanup Xml Logs" date="2026-01-09T20:52:40.388" >
    <step title="Cleanup Infos" date="2026-01-09T20:52:40.418" totalFiles="225" totalCleanup="65" /><!-- duration: 20ms -->
  </step><!-- duration: 59ms -->
  <step title="DeploymentService.GetResult" date="2026-01-09T20:52:40.518" >
    <step title="DeploymentService.GetLatestDeployment" date="2026-01-09T20:52:40.539" >
      <step title="DeploymentManager.GetResults" date="2026-01-09T20:52:40.549" /><!-- duration: 1087ms -->
    </step><!-- duration: 1136ms -->
  </step><!-- duration: 1166ms -->
  <step title="Outgoing response" date="2026-01-09T20:52:41.714" type="response" statusCode="202" statusText="Accepted" /><!-- duration: 13ms -->
</step><!-- duration: 1377ms -->
