<step title="Incoming Request" date="2026-01-09T20:36:13.744" instance="38949c" url="/api/publish?async=true&amp;deployer=GITHUB_ONE_DEPLOY&amp;type=zip&amp;message=%7B%22type%22%3A%22deployment%22%2C%22sha%22%3A%2273dec712db3e4358dc7961b6c9c10d19b7176304%22%2C%22repoName%22%3A%22cooky667%2Fblobstorageapi%22%2C%22actor%22%3A%22cooky667%22%2C%22slotName%22%3A%22Production%22%2C%22commitMessage%22%3A%22API%3A%20add%20chunked%20upload%20support%20for%20large%20files%22%7D" method="POST" type="request" pid="853,1,30" Host="storagewebapp-e7aybcgsdad3hya7.scm.uksouth-01.azurewebsites.net" User-Agent="GITHUBACTIONS_DeployWebAppToAzure_618ad395445cc673173894fb9b5acb391e877c2027b830e7ec6356e2472f166d" Authorization="Bea..." Content-Type="application/octet-stream" Cookie="ARRAffinity=38949c4b114756bd7c43b83351207323f54ddbaae52cdb25fe8249c2ae421de3;Path=/;HttpOnly;Secure;Domain=storagewebapp-e7aybcgsdad3hya7.scm.uksouth-01.azurewebsites.net; ARRAffinitySameSite=38949c4b114756bd7c43b83351207323f54ddbaae52cdb25fe8249c2ae421de3;Path=/;HttpOnly;SameSite=None;Secure;Domain=storagewebapp-e7aybcgsdad3hya7.scm.uksouth-01.azurewebsites.net" Transfer-Encoding="chunked" X-ARR-LOG-ID="130ac401-1434-43f7-a470-65cbe1f66da8" CLIENT-IP="20.109.38.245:26625" X-SITE-DEPLOYMENT-ID="storagewebapp" WAS-DEFAULT-HOSTNAME="storagewebapp-e7aybcgsdad3hya7.scm.uksouth-01.azurewebsites.net" X-Forwarded-Proto="https" X-AppService-Proto="https" X-Forwarded-TlsVersion="1.3" X-WAWS-Unencoded-URL="/api/publish?async=true&amp;deployer=GITHUB_ONE_DEPLOY&amp;type=zip&amp;message=%7B%22type%22%3A%22deployment%22%2C%22sha%22%3A%2273dec712db3e4358dc7961b6c9c10d19b7176304%22%2C%22repoName%22%3A%22cooky667%2Fblobstorageapi%22%2C%22actor%22%3A%22cooky667%22%2C%22slotName%22%3A%22Production%22%2C%22commitMessage%22%3A%22API%3A%20add%20chunked%20upload%20support%20for%20large%20files%22%7D" X-Client-IP="20.109.38.245" X-Client-Port="26625" >
  <step title="Cleanup Xml Logs" date="2026-01-09T20:36:13.747" /><!-- duration: 12ms -->
  <step title="OneDeploy" date="2026-01-09T20:36:13.963" >
    <step title="None repository commit" date="2026-01-09T20:36:13.998" >
      <step title="Commit id: c207e460-9b0c-4e95-9740-8a490e707734" date="2026-01-09T20:36:14.001" Message="N/A" AuthorName="N/A" AuthorEmail="N/A" /><!-- duration: 3ms -->
    </step><!-- duration: 8ms -->
    <step title="Starting PushDeployAsync" date="2026-01-09T20:36:14.009" /><!-- duration: 2ms -->
    <step title="Removing node_modules symlink" date="2026-01-09T20:36:14.194" >
      <step title="Writing artifact to /tmp/zipdeploy/7b6ded8e-1c16-4d2d-9c1a-2f22e02e762a.zip" date="2026-01-09T20:36:14.290" >
        <step title="Writing multipart request body to /tmp/zipdeploy/7b6ded8e-1c16-4d2d-9c1a-2f22e02e762a.zip" date="2026-01-09T20:36:14.294" /><!-- duration: 19ms -->
      </step><!-- duration: 586ms -->
      <step title="Start deployment in the background" date="2026-01-09T20:36:14.916" >
        <step title="Acquiring Deployment Lock" date="2026-01-09T20:36:14.946" /><!-- duration: 12ms -->
        <step title="Acquired Deployment Lock" date="2026-01-09T20:36:15.018" /><!-- duration: 3ms -->
      </step><!-- duration: 392ms -->
    </step><!-- duration: 1124ms -->
    <step title="Outgoing response" date="2026-01-09T20:36:15.343" type="response" statusCode="202" statusText="Accepted" /><!-- duration: 5ms -->
  </step><!-- duration: 1395ms -->
