<step title="BackgroundTrace" date="2026-01-09T19:40:49.503" instance="38949c" url="/api/publish" method="POST" >
  <step title="Creating temporary deployment - FetchDeploymentManager" date="2026-01-09T19:40:49.555" /><!-- duration: 2ms -->
  <step title="Creating temporary deployment" date="2026-01-09T19:40:49.563" /><!-- duration: 80ms -->
  <step title="Performing fetch based deployment" date="2026-01-09T19:40:49.694" >
    <step title="Cleaning up temp folders from previous zip deployments and extracting pushed zip file /tmp/zipdeploy/31265472-4a5a-4c0e-84fd-048f80eec16d.zip (14.95 MB) to /tmp/zipdeploy/extracted" date="2026-01-09T19:40:50.978" >
      <step title="ChmodRecursive Process exited with total time taken in ms: 819" date="2026-01-09T19:41:01.226" /><!-- duration: 8ms -->
    </step><!-- duration: 10267ms -->
    <step title="Deployment timer started" date="2026-01-09T19:41:03.429" >
      <step title="DeploymentManager.Deploy(id:cb74bd88-9ed3-4d6c-832d-9bb32de2066c)" date="2026-01-09T19:41:03.478" >
        <step title="Collecting changeset information" date="2026-01-09T19:41:03.551" /><!-- duration: 289ms -->
        <step title="Updating submodules" date="2026-01-09T19:41:04.115" /><!-- duration: 1222ms -->
        <step title="Determining deployment builder" date="2026-01-09T19:41:06.225" >
          <step title="Builder is OneDeployBuilder" date="2026-01-09T19:41:06.243" /><!-- duration: 3ms -->
        </step><!-- duration: 22ms -->
        <step title="PreDeployment: context.CleanOutputPath False" date="2026-01-09T19:41:06.373" >
          <step title="PreDeployment: context.OutputPath /home/site/wwwroot" date="2026-01-09T19:41:07.538" >
            <step title="Building" date="2026-01-09T19:41:08.082" >
              <step title="Executing external process" date="2026-01-09T19:41:08.956" type="process" path="starter.sh" arguments="/opt/Kudu/Scripts/absoluteTar.sh /tmp/zipdeploy/extracted/node_modules /tmp/zipdeploy/extracted/node_modules.tar.gz" /><!-- duration: 7789ms -->
              <step title="Executing external process" date="2026-01-09T19:41:17.086" type="process" path="starter.sh" arguments="/opt/Kudu/Scripts/parallel_rsync.sh /tmp/zipdeploy/extracted /home/site/wwwroot 8 /tmp/ False False node_modules " /><!-- duration: 2015ms -->
              <step title="Modified file to trigger a restart of the app container." date="2026-01-09T19:41:19.851" /><!-- duration: 5ms -->
              <step title="Skip function trigger and logicapp sync because function is not enabled." date="2026-01-09T19:41:19.866" /><!-- duration: 11ms -->
              <step title="Purge deployment items" date="2026-01-09T19:41:21.861" >
                <step title="Remove ff64f309-, Success, received at 01/09/2026 17:38:29" date="2026-01-09T19:41:21.916" /><!-- duration: 3ms -->
              </step><!-- duration: 61ms -->
            </step><!-- duration: 13909ms -->
          </step><!-- duration: 14457ms -->
          <step title="Cleaning up temp files" date="2026-01-09T19:41:22.003" /><!-- duration: 3ms -->
          <step title="Cleaning up temp files" date="2026-01-09T19:41:22.008" /><!-- duration: 504ms -->
          <step title="Reloading status file with latest updates" date="2026-01-09T19:41:22.533" >
            <step title="WebHooksManager.PublishEventAsync: PostDeployment" date="2026-01-09T19:41:22.536" /><!-- duration: 24ms -->
          </step><!-- duration: 29ms -->
          <step title="Cleaning up temporary deployment - fetch deployment was successful" date="2026-01-09T19:41:22.567" /><!-- duration: 3ms -->
        </step><!-- duration: 16269ms -->
      </step><!-- duration: 19175ms -->
