<step title="Incoming Request" date="2026-01-09T21:27:09.521" instance="38949c" url="/api/deployments/latest?deployer=OneDeploy&amp;time=2026-01-09_21-26-54Z" method="GET" type="request" pid="853,1,35" Host="storagewebapp-e7aybcgsdad3hya7.scm.uksouth-01.azurewebsites.net" User-Agent="GITHUBACTIONS_DeployWebAppToAzure_618ad395445cc673173894fb9b5acb391e877c2027b830e7ec6356e2472f166d" Authorization="Bea..." Content-Type="application/json; charset=utf-8" Cookie="ARRAffinity=38949c4b114756bd7c43b83351207323f54ddbaae52cdb25fe8249c2ae421de3;Path=/;HttpOnly;Secure;Domain=storagewebapp-e7aybcgsdad3hya7.scm.uksouth-01.azurewebsites.net; ARRAffinitySameSite=38949c4b114756bd7c43b83351207323f54ddbaae52cdb25fe8249c2ae421de3;Path=/;HttpOnly;SameSite=None;Secure;Domain=storagewebapp-e7aybcgsdad3hya7.scm.uksouth-01.azurewebsites.net" Content-Length="0" X-ARR-LOG-ID="3122bdcb-c920-4d66-8ace-d96e60caf752" CLIENT-IP="172.184.213.160:62465" X-SITE-DEPLOYMENT-ID="storagewebapp" WAS-DEFAULT-HOSTNAME="storagewebapp-e7aybcgsdad3hya7.scm.uksouth-01.azurewebsites.net" X-Forwarded-Proto="https" X-AppService-Proto="https" X-Forwarded-TlsVersion="1.3" X-WAWS-Unencoded-URL="/api/deployments/latest?deployer=OneDeploy&amp;time=2026-01-09_21-26-54Z" X-Client-IP="172.184.213.160" X-Client-Port="62465" >
  <step title="Cleanup Xml Logs" date="2026-01-09T21:27:09.524" >
    <step title="Cleanup Infos" date="2026-01-09T21:27:09.534" totalFiles="265" totalCleanup="105" /><!-- duration: 4ms -->
  </step><!-- duration: 16ms -->
  <step title="DeploymentService.GetResult" date="2026-01-09T21:27:09.546" >
    <step title="DeploymentService.GetLatestDeployment" date="2026-01-09T21:27:09.554" >
      <step title="DeploymentManager.GetResults" date="2026-01-09T21:27:09.561" /><!-- duration: 930ms -->
    </step><!-- duration: 948ms -->
  </step><!-- duration: 966ms -->
  <step title="Outgoing response" date="2026-01-09T21:27:10.561" type="response" statusCode="202" statusText="Accepted" /><!-- duration: 52ms -->
</step><!-- duration: 1102ms -->
