<step title="Incoming Request" date="2026-01-09T20:40:37.039" instance="38949c" url="/api/deployments/latest?deployer=OneDeploy&amp;time=2026-01-09_20-40-29Z" method="GET" type="request" pid="853,1,19" Host="storagewebapp-e7aybcgsdad3hya7.scm.uksouth-01.azurewebsites.net" User-Agent="GITHUBACTIONS_DeployWebAppToAzure_618ad395445cc673173894fb9b5acb391e877c2027b830e7ec6356e2472f166d" Authorization="Bea..." Content-Type="application/json; charset=utf-8" Cookie="ARRAffinity=38949c4b114756bd7c43b83351207323f54ddbaae52cdb25fe8249c2ae421de3;Path=/;HttpOnly;Secure;Domain=storagewebapp-e7aybcgsdad3hya7.scm.uksouth-01.azurewebsites.net; ARRAffinitySameSite=38949c4b114756bd7c43b83351207323f54ddbaae52cdb25fe8249c2ae421de3;Path=/;HttpOnly;SameSite=None;Secure;Domain=storagewebapp-e7aybcgsdad3hya7.scm.uksouth-01.azurewebsites.net" Content-Length="0" X-ARR-LOG-ID="5fb5fff2-5202-42b1-b43e-b29cd75b3785" CLIENT-IP="145.132.103.65:12289" X-SITE-DEPLOYMENT-ID="storagewebapp" WAS-DEFAULT-HOSTNAME="storagewebapp-e7aybcgsdad3hya7.scm.uksouth-01.azurewebsites.net" X-Forwarded-Proto="https" X-AppService-Proto="https" X-Forwarded-TlsVersion="1.3" X-WAWS-Unencoded-URL="/api/deployments/latest?deployer=OneDeploy&amp;time=2026-01-09_20-40-29Z" X-Client-IP="145.132.103.65" X-Client-Port="12289" >
  <step title="Cleanup Xml Logs" date="2026-01-09T20:40:37.069" >
    <step title="Cleanup Infos" date="2026-01-09T20:40:37.136" totalFiles="206" totalCleanup="46" /><!-- duration: 18ms -->
  </step><!-- duration: 95ms -->
  <step title="DeploymentService.GetResult" date="2026-01-09T20:40:37.213" >
    <step title="DeploymentService.GetLatestDeployment" date="2026-01-09T20:40:37.223" >
      <step title="DeploymentManager.GetResults" date="2026-01-09T20:40:37.226" /><!-- duration: 1023ms -->
    </step><!-- duration: 1045ms -->
  </step><!-- duration: 1075ms -->
  <step title="Outgoing response" date="2026-01-09T20:40:38.308" type="response" statusCode="202" statusText="Accepted" /><!-- duration: 31ms -->
</step><!-- duration: 1310ms -->
