<step title="BackgroundTrace" date="2026-01-09T17:45:54.185" instance="f07aec" url="/api/publish" method="POST" >
  <step title="Creating temporary deployment - FetchDeploymentManager" date="2026-01-09T17:45:54.309" /><!-- duration: 3ms -->
  <step title="Creating temporary deployment" date="2026-01-09T17:45:54.317" /><!-- duration: 72ms -->
  <step title="Performing fetch based deployment" date="2026-01-09T17:45:54.423" >
    <step title="Cleaning up temp folders from previous zip deployments and extracting pushed zip file /tmp/zipdeploy/79c836da-5715-4c55-8c78-d4abc1fe9197.zip (14.91 MB) to /tmp/zipdeploy/extracted" date="2026-01-09T17:45:55.691" >
      <step title="ChmodRecursive Process exited with total time taken in ms: 392" date="2026-01-09T17:46:07.373" /><!-- duration: 7ms -->
    </step><!-- duration: 11694ms -->
    <step title="Deployment timer started" date="2026-01-09T17:46:09.425" >
      <step title="DeploymentManager.Deploy(id:c67de531-1a12-4254-9952-9ff6431453d8)" date="2026-01-09T17:46:09.433" >
        <step title="Collecting changeset information" date="2026-01-09T17:46:09.446" /><!-- duration: 139ms -->
        <step title="Updating submodules" date="2026-01-09T17:46:09.597" /><!-- duration: 1766ms -->
        <step title="Determining deployment builder" date="2026-01-09T17:46:11.607" >
          <step title="Builder is OneDeployBuilder" date="2026-01-09T17:46:11.617" /><!-- duration: 4ms -->
        </step><!-- duration: 18ms -->
        <step title="PreDeployment: context.CleanOutputPath False" date="2026-01-09T17:46:11.684" >
          <step title="PreDeployment: context.OutputPath /home/site/wwwroot" date="2026-01-09T17:46:11.810" >
            <step title="Building" date="2026-01-09T17:46:11.946" >
              <step title="Executing external process" date="2026-01-09T17:46:12.634" type="process" path="starter.sh" arguments="/opt/Kudu/Scripts/absoluteTar.sh /tmp/zipdeploy/extracted/node_modules /tmp/zipdeploy/extracted/node_modules.tar.gz" /><!-- duration: 7043ms -->
              <step title="Executing external process" date="2026-01-09T17:46:20.017" type="process" path="starter.sh" arguments="/opt/Kudu/Scripts/parallel_rsync.sh /tmp/zipdeploy/extracted /home/site/wwwroot 8 /tmp/ False False node_modules " /><!-- duration: 2370ms -->
              <step title="Modified file to trigger a restart of the app container." date="2026-01-09T17:46:23.293" /><!-- duration: 7ms -->
              <step title="Skip function trigger and logicapp sync because function is not enabled." date="2026-01-09T17:46:23.305" /><!-- duration: 4ms -->
            </step><!-- duration: 12353ms -->
          </step><!-- duration: 12511ms -->
          <step title="Cleaning up temp files" date="2026-01-09T17:46:24.325" /><!-- duration: 5ms -->
          <step title="Cleaning up temp files" date="2026-01-09T17:46:24.337" /><!-- duration: 554ms -->
          <step title="Reloading status file with latest updates" date="2026-01-09T17:46:24.975" >
            <step title="WebHooksManager.PublishEventAsync: PostDeployment" date="2026-01-09T17:46:24.983" /><!-- duration: 27ms -->
          </step><!-- duration: 40ms -->
          <step title="Cleaning up temporary deployment - fetch deployment was successful" date="2026-01-09T17:46:25.024" /><!-- duration: 4ms -->
        </step><!-- duration: 13524ms -->
      </step><!-- duration: 15844ms -->
