<step title="BackgroundTrace" date="2026-01-09T19:31:52.011" instance="38949c" url="/api/publish" method="POST" >
  <step title="Creating temporary deployment - FetchDeploymentManager" date="2026-01-09T19:31:52.112" /><!-- duration: 6ms -->
  <step title="Creating temporary deployment" date="2026-01-09T19:31:52.128" /><!-- duration: 102ms -->
  <step title="Performing fetch based deployment" date="2026-01-09T19:31:52.274" >
    <step title="Cleaning up temp folders from previous zip deployments and extracting pushed zip file /tmp/zipdeploy/e455dd02-8de3-4724-a2c8-86c0fbdbb79e.zip (14.95 MB) to /tmp/zipdeploy/extracted" date="2026-01-09T19:31:53.439" >
      <step title="ChmodRecursive Process exited with total time taken in ms: 4" date="2026-01-09T19:32:02.892" /><!-- duration: 40ms -->
    </step><!-- duration: 9532ms -->
    <step title="Deployment timer started" date="2026-01-09T19:32:05.043" >
      <step title="DeploymentManager.Deploy(id:7e51f9f9-57d0-4d50-af61-d4656d970269)" date="2026-01-09T19:32:05.071" >
        <step title="Collecting changeset information" date="2026-01-09T19:32:05.123" /><!-- duration: 136ms -->
        <step title="Updating submodules" date="2026-01-09T19:32:05.264" /><!-- duration: 1131ms -->
        <step title="Determining deployment builder" date="2026-01-09T19:32:06.615" >
          <step title="Builder is OneDeployBuilder" date="2026-01-09T19:32:06.641" /><!-- duration: 3ms -->
        </step><!-- duration: 32ms -->
        <step title="PreDeployment: context.CleanOutputPath False" date="2026-01-09T19:32:06.700" >
          <step title="PreDeployment: context.OutputPath /home/site/wwwroot" date="2026-01-09T19:32:06.810" >
            <step title="Building" date="2026-01-09T19:32:06.935" >
              <step title="Executing external process" date="2026-01-09T19:32:08.355" type="process" path="starter.sh" arguments="/opt/Kudu/Scripts/absoluteTar.sh /tmp/zipdeploy/extracted/node_modules /tmp/zipdeploy/extracted/node_modules.tar.gz" /><!-- duration: 22702ms -->
              <step title="Executing external process" date="2026-01-09T19:32:31.882" type="process" path="starter.sh" arguments="/opt/Kudu/Scripts/parallel_rsync.sh /tmp/zipdeploy/extracted /home/site/wwwroot 8 /tmp/ False False node_modules " /><!-- duration: 2971ms -->
              <step title="Modified file to trigger a restart of the app container." date="2026-01-09T19:32:35.626" /><!-- duration: 3ms -->
              <step title="Skip function trigger and logicapp sync because function is not enabled." date="2026-01-09T19:32:35.633" /><!-- duration: 5ms -->
              <step title="Purge deployment items" date="2026-01-09T19:32:36.750" >
                <step title="Remove ecb13f52-, Success, received at 01/09/2026 17:10:02" date="2026-01-09T19:32:36.833" /><!-- duration: 3ms -->
              </step><!-- duration: 88ms -->
            </step><!-- duration: 29982ms -->
          </step><!-- duration: 30115ms -->
          <step title="Cleaning up temp files" date="2026-01-09T19:32:36.927" /><!-- duration: 7ms -->
          <step title="Cleaning up temp files" date="2026-01-09T19:32:36.937" /><!-- duration: 512ms -->
          <step title="Reloading status file with latest updates" date="2026-01-09T19:32:37.484" >
            <step title="WebHooksManager.PublishEventAsync: PostDeployment" date="2026-01-09T19:32:37.495" /><!-- duration: 23ms -->
          </step><!-- duration: 37ms -->
          <step title="Cleaning up temporary deployment - fetch deployment was successful" date="2026-01-09T19:32:37.531" /><!-- duration: 3ms -->
        </step><!-- duration: 30928ms -->
      </step><!-- duration: 32571ms -->
