<step title="Incoming Request" date="2026-01-09T17:45:52.847" instance="f07aec" url="/api/publish?async=true&amp;deployer=GITHUB_ONE_DEPLOY&amp;type=zip&amp;message=%7B%22type%22%3A%22deployment%22%2C%22sha%22%3A%228c908b6a381a5ca715154eb81ae282a96f725d99%22%2C%22repoName%22%3A%22cooky667%2Fblobstorageapi%22%2C%22actor%22%3A%22cooky667%22%2C%22slotName%22%3A%22Production%22%2C%22commitMessage%22%3A%22API%3A%20increase%20JSON%20payload%20limit%20to%2050MB%20for%20large%20file%20uploads%22%7D" method="POST" type="request" pid="853,1,28" Host="storagewebapp-e7aybcgsdad3hya7.scm.uksouth-01.azurewebsites.net" User-Agent="GITHUBACTIONS_DeployWebAppToAzure_618ad395445cc673173894fb9b5acb391e877c2027b830e7ec6356e2472f166d" Authorization="Bea..." Content-Type="application/octet-stream" Cookie="ARRAffinity=f07aec79734d8bf10f3fd4121c637821b5012b69243d980eeadb0c647194e673;Path=/;HttpOnly;Secure;Domain=storagewebapp-e7aybcgsdad3hya7.scm.uksouth-01.azurewebsites.net; ARRAffinitySameSite=f07aec79734d8bf10f3fd4121c637821b5012b69243d980eeadb0c647194e673;Path=/;HttpOnly;SameSite=None;Secure;Domain=storagewebapp-e7aybcgsdad3hya7.scm.uksouth-01.azurewebsites.net" Transfer-Encoding="chunked" X-ARR-LOG-ID="f16d0fe3-e376-4a11-b927-3bd0924f6a29" CLIENT-IP="9.234.151.17:4105" X-SITE-DEPLOYMENT-ID="storagewebapp" WAS-DEFAULT-HOSTNAME="storagewebapp-e7aybcgsdad3hya7.scm.uksouth-01.azurewebsites.net" X-Forwarded-Proto="https" X-AppService-Proto="https" X-Forwarded-TlsVersion="1.3" X-WAWS-Unencoded-URL="/api/publish?async=true&amp;deployer=GITHUB_ONE_DEPLOY&amp;type=zip&amp;message=%7B%22type%22%3A%22deployment%22%2C%22sha%22%3A%228c908b6a381a5ca715154eb81ae282a96f725d99%22%2C%22repoName%22%3A%22cooky667%2Fblobstorageapi%22%2C%22actor%22%3A%22cooky667%22%2C%22slotName%22%3A%22Production%22%2C%22commitMessage%22%3A%22API%3A%20increase%20JSON%20payload%20limit%20to%2050MB%20for%20large%20file%20uploads%22%7D" X-Client-IP="9.234.151.17" X-Client-Port="4105" >
  <step title="Cleanup Xml Logs" date="2026-01-09T17:45:52.867" /><!-- duration: 41ms -->
  <step title="OneDeploy" date="2026-01-09T17:45:53.092" >
    <step title="Starting PushDeployAsync" date="2026-01-09T17:45:53.303" /><!-- duration: 11ms -->
    <step title="Removing node_modules symlink" date="2026-01-09T17:45:53.353" >
      <step title="Writing artifact to /tmp/zipdeploy/79c836da-5715-4c55-8c78-d4abc1fe9197.zip" date="2026-01-09T17:45:53.513" >
        <step title="Writing multipart request body to /tmp/zipdeploy/79c836da-5715-4c55-8c78-d4abc1fe9197.zip" date="2026-01-09T17:45:53.519" /><!-- duration: 8ms -->
      </step><!-- duration: 422ms -->
      <step title="Start deployment in the background" date="2026-01-09T17:45:53.998" >
        <step title="Acquiring Deployment Lock" date="2026-01-09T17:45:54.244" /><!-- duration: 4ms -->
        <step title="Acquired Deployment Lock" date="2026-01-09T17:45:54.294" /><!-- duration: 11ms -->
      </step><!-- duration: 395ms -->
    </step><!-- duration: 1046ms -->
    <step title="Outgoing response" date="2026-01-09T17:45:54.404" type="response" statusCode="202" statusText="Accepted" /><!-- duration: 4ms -->
  </step><!-- duration: 1321ms -->
