<step title="Incoming Request" date="2026-01-09T20:52:34.179" instance="38949c" url="/api/deployments/latest?deployer=OneDeploy&amp;time=2026-01-09_20-52-17Z" method="GET" type="request" pid="853,1,5" Host="storagewebapp-e7aybcgsdad3hya7.scm.uksouth-01.azurewebsites.net" User-Agent="GITHUBACTIONS_DeployWebAppToAzure_618ad395445cc673173894fb9b5acb391e877c2027b830e7ec6356e2472f166d" Authorization="Bea..." Content-Type="application/json; charset=utf-8" Cookie="ARRAffinity=38949c4b114756bd7c43b83351207323f54ddbaae52cdb25fe8249c2ae421de3;Path=/;HttpOnly;Secure;Domain=storagewebapp-e7aybcgsdad3hya7.scm.uksouth-01.azurewebsites.net; ARRAffinitySameSite=38949c4b114756bd7c43b83351207323f54ddbaae52cdb25fe8249c2ae421de3;Path=/;HttpOnly;SameSite=None;Secure;Domain=storagewebapp-e7aybcgsdad3hya7.scm.uksouth-01.azurewebsites.net" Content-Length="0" X-ARR-LOG-ID="22042be1-1a2b-46a9-a925-f53e4c377bec" CLIENT-IP="52.159.229.64:56257" X-SITE-DEPLOYMENT-ID="storagewebapp" WAS-DEFAULT-HOSTNAME="storagewebapp-e7aybcgsdad3hya7.scm.uksouth-01.azurewebsites.net" X-Forwarded-Proto="https" X-AppService-Proto="https" X-Forwarded-TlsVersion="1.3" X-WAWS-Unencoded-URL="/api/deployments/latest?deployer=OneDeploy&amp;time=2026-01-09_20-52-17Z" X-Client-IP="52.159.229.64" X-Client-Port="56257" >
  <step title="Cleanup Xml Logs" date="2026-01-09T20:52:34.181" >
    <step title="Cleanup Infos" date="2026-01-09T20:52:34.188" totalFiles="224" totalCleanup="64" /><!-- duration: 4ms -->
  </step><!-- duration: 14ms -->
  <step title="DeploymentService.GetResult" date="2026-01-09T20:52:34.201" >
    <step title="DeploymentService.GetLatestDeployment" date="2026-01-09T20:52:34.204" >
      <step title="DeploymentManager.GetResults" date="2026-01-09T20:52:34.206" /><!-- duration: 534ms -->
    </step><!-- duration: 542ms -->
  </step><!-- duration: 547ms -->
  <step title="Outgoing response" date="2026-01-09T20:52:34.752" type="response" statusCode="202" statusText="Accepted" /><!-- duration: 13ms -->
</step><!-- duration: 598ms -->
