<step title="BackgroundTrace" date="2026-01-09T20:40:29.067" instance="38949c" url="/api/publish" method="POST" >
  <step title="Creating temporary deployment - FetchDeploymentManager" date="2026-01-09T20:40:29.265" /><!-- duration: 20ms -->
  <step title="Creating temporary deployment" date="2026-01-09T20:40:29.305" /><!-- duration: 63ms -->
  <step title="Performing fetch based deployment" date="2026-01-09T20:40:29.453" >
    <step title="Cleaning up temp folders from previous zip deployments and extracting pushed zip file /tmp/zipdeploy/23275544-02ba-4437-85a7-0fedebef3699.zip (14.95 MB) to /tmp/zipdeploy/extracted" date="2026-01-09T20:40:31.250" >
      <step title="ChmodRecursive Process exited with total time taken in ms: 301" date="2026-01-09T20:40:39.902" /><!-- duration: 5ms -->
    </step><!-- duration: 8661ms -->
    <step title="Deployment timer started" date="2026-01-09T20:40:41.942" >
      <step title="DeploymentManager.Deploy(id:b0970184-0fc4-438e-8320-0e90525c8c19)" date="2026-01-09T20:40:41.948" >
        <step title="Collecting changeset information" date="2026-01-09T20:40:42.004" /><!-- duration: 106ms -->
        <step title="Updating submodules" date="2026-01-09T20:40:42.114" /><!-- duration: 1139ms -->
        <step title="Determining deployment builder" date="2026-01-09T20:40:43.520" >
          <step title="Builder is OneDeployBuilder" date="2026-01-09T20:40:43.548" /><!-- duration: 4ms -->
        </step><!-- duration: 34ms -->
        <step title="PreDeployment: context.CleanOutputPath False" date="2026-01-09T20:40:43.606" >
          <step title="PreDeployment: context.OutputPath /home/site/wwwroot" date="2026-01-09T20:40:43.752" >
            <step title="Building" date="2026-01-09T20:40:43.933" >
              <step title="Executing external process" date="2026-01-09T20:40:45.361" type="process" path="starter.sh" arguments="/opt/Kudu/Scripts/absoluteTar.sh /tmp/zipdeploy/extracted/node_modules /tmp/zipdeploy/extracted/node_modules.tar.gz" /><!-- duration: 7373ms -->
              <step title="Executing external process" date="2026-01-09T20:40:53.032" type="process" path="starter.sh" arguments="/opt/Kudu/Scripts/parallel_rsync.sh /tmp/zipdeploy/extracted /home/site/wwwroot 8 /tmp/ False False node_modules " /><!-- duration: 2824ms -->
              <step title="Modified file to trigger a restart of the app container." date="2026-01-09T20:40:56.693" /><!-- duration: 3ms -->
              <step title="Skip function trigger and logicapp sync because function is not enabled." date="2026-01-09T20:40:56.700" /><!-- duration: 3ms -->
              <step title="Purge deployment items" date="2026-01-09T20:40:57.936" >
                <step title="Remove 10d4fad5-, Success, received at 01/09/2026 18:49:59" date="2026-01-09T20:40:58.034" /><!-- duration: 3ms -->
              </step><!-- duration: 104ms -->
            </step><!-- duration: 14191ms -->
          </step><!-- duration: 14376ms -->
          <step title="Cleaning up temp files" date="2026-01-09T20:40:58.131" /><!-- duration: 3ms -->
          <step title="Cleaning up temp files" date="2026-01-09T20:40:58.136" /><!-- duration: 517ms -->
          <step title="Reloading status file with latest updates" date="2026-01-09T20:40:58.737" >
            <step title="WebHooksManager.PublishEventAsync: PostDeployment" date="2026-01-09T20:40:58.740" /><!-- duration: 45ms -->
          </step><!-- duration: 60ms -->
          <step title="Cleaning up temporary deployment - fetch deployment was successful" date="2026-01-09T20:40:58.817" /><!-- duration: 10ms -->
        </step><!-- duration: 15359ms -->
      </step><!-- duration: 17091ms -->
