<step title="Incoming Request" date="2026-01-09T21:18:33.484" instance="38949c" url="/api/publish?async=true&amp;deployer=GITHUB_ONE_DEPLOY&amp;type=zip&amp;message=%7B%22type%22%3A%22deployment%22%2C%22sha%22%3A%22e98dc5755015a242158aa65b8527a6bea21d7daf%22%2C%22repoName%22%3A%22cooky667%2Fblobstorageapi%22%2C%22actor%22%3A%22cooky667%22%2C%22slotName%22%3A%22Production%22%2C%22commitMessage%22%3A%22API%3A%20remove%20async%20from%20Busboy%20file%20event%20handler%22%7D" method="POST" type="request" pid="853,1,18" Host="storagewebapp-e7aybcgsdad3hya7.scm.uksouth-01.azurewebsites.net" User-Agent="GITHUBACTIONS_DeployWebAppToAzure_618ad395445cc673173894fb9b5acb391e877c2027b830e7ec6356e2472f166d" Authorization="Bea..." Content-Type="application/octet-stream" Cookie="ARRAffinity=38949c4b114756bd7c43b83351207323f54ddbaae52cdb25fe8249c2ae421de3;Path=/;HttpOnly;Secure;Domain=storagewebapp-e7aybcgsdad3hya7.scm.uksouth-01.azurewebsites.net; ARRAffinitySameSite=38949c4b114756bd7c43b83351207323f54ddbaae52cdb25fe8249c2ae421de3;Path=/;HttpOnly;SameSite=None;Secure;Domain=storagewebapp-e7aybcgsdad3hya7.scm.uksouth-01.azurewebsites.net" Transfer-Encoding="chunked" X-ARR-LOG-ID="5cebf425-1aa5-406d-8ced-56bcb566af7b" CLIENT-IP="172.184.213.164:1025" X-SITE-DEPLOYMENT-ID="storagewebapp" WAS-DEFAULT-HOSTNAME="storagewebapp-e7aybcgsdad3hya7.scm.uksouth-01.azurewebsites.net" X-Forwarded-Proto="https" X-AppService-Proto="https" X-Forwarded-TlsVersion="1.3" X-WAWS-Unencoded-URL="/api/publish?async=true&amp;deployer=GITHUB_ONE_DEPLOY&amp;type=zip&amp;message=%7B%22type%22%3A%22deployment%22%2C%22sha%22%3A%22e98dc5755015a242158aa65b8527a6bea21d7daf%22%2C%22repoName%22%3A%22cooky667%2Fblobstorageapi%22%2C%22actor%22%3A%22cooky667%22%2C%22slotName%22%3A%22Production%22%2C%22commitMessage%22%3A%22API%3A%20remove%20async%20from%20Busboy%20file%20event%20handler%22%7D" X-Client-IP="172.184.213.164" X-Client-Port="1025" >
  <step title="Cleanup Xml Logs" date="2026-01-09T21:18:33.489" >
    <step title="Cleanup Infos" date="2026-01-09T21:18:33.498" totalFiles="253" totalCleanup="93" /><!-- duration: 4ms -->
  </step><!-- duration: 15ms -->
  <step title="OneDeploy" date="2026-01-09T21:18:33.523" >
    <step title="Starting PushDeployAsync" date="2026-01-09T21:18:33.538" /><!-- duration: 8ms -->
    <step title="Removing node_modules symlink" date="2026-01-09T21:18:33.566" >
      <step title="Writing artifact to /tmp/zipdeploy/c3d55286-46bb-4183-894d-e2bab2f5e819.zip" date="2026-01-09T21:18:33.675" >
        <step title="Writing multipart request body to /tmp/zipdeploy/c3d55286-46bb-4183-894d-e2bab2f5e819.zip" date="2026-01-09T21:18:33.678" /><!-- duration: 10ms -->
      </step><!-- duration: 1359ms -->
      <step title="Start deployment in the background" date="2026-01-09T21:18:35.073" >
        <step title="Acquiring Deployment Lock" date="2026-01-09T21:18:35.086" /><!-- duration: 9ms -->
        <step title="Acquired Deployment Lock" date="2026-01-09T21:18:35.118" /><!-- duration: 3ms -->
      </step><!-- duration: 136ms -->
    </step><!-- duration: 1647ms -->
    <step title="Outgoing response" date="2026-01-09T21:18:35.218" type="response" statusCode="202" statusText="Accepted" /><!-- duration: 3ms -->
  </step><!-- duration: 1701ms -->
