<step title="Incoming Request" date="2026-01-09T21:27:02.112" instance="38949c" url="/api/deployments/latest?deployer=OneDeploy&amp;time=2026-01-09_21-26-54Z" method="GET" type="request" pid="853,1,35" Host="storagewebapp-e7aybcgsdad3hya7.scm.uksouth-01.azurewebsites.net" User-Agent="GITHUBACTIONS_DeployWebAppToAzure_618ad395445cc673173894fb9b5acb391e877c2027b830e7ec6356e2472f166d" Authorization="Bea..." Content-Type="application/json; charset=utf-8" Cookie="ARRAffinity=38949c4b114756bd7c43b83351207323f54ddbaae52cdb25fe8249c2ae421de3;Path=/;HttpOnly;Secure;Domain=storagewebapp-e7aybcgsdad3hya7.scm.uksouth-01.azurewebsites.net; ARRAffinitySameSite=38949c4b114756bd7c43b83351207323f54ddbaae52cdb25fe8249c2ae421de3;Path=/;HttpOnly;SameSite=None;Secure;Domain=storagewebapp-e7aybcgsdad3hya7.scm.uksouth-01.azurewebsites.net" Content-Length="0" X-ARR-LOG-ID="02ca499b-335c-4a39-bd5e-5063dbadb3fb" CLIENT-IP="172.184.213.160:62464" X-SITE-DEPLOYMENT-ID="storagewebapp" WAS-DEFAULT-HOSTNAME="storagewebapp-e7aybcgsdad3hya7.scm.uksouth-01.azurewebsites.net" X-Forwarded-Proto="https" X-AppService-Proto="https" X-Forwarded-TlsVersion="1.3" X-WAWS-Unencoded-URL="/api/deployments/latest?deployer=OneDeploy&amp;time=2026-01-09_21-26-54Z" X-Client-IP="172.184.213.160" X-Client-Port="62464" >
  <step title="Cleanup Xml Logs" date="2026-01-09T21:27:02.143" >
    <step title="Cleanup Infos" date="2026-01-09T21:27:02.210" totalFiles="264" totalCleanup="104" /><!-- duration: 12ms -->
  </step><!-- duration: 99ms -->
  <step title="DeploymentService.GetResult" date="2026-01-09T21:27:02.301" >
    <step title="DeploymentService.GetLatestDeployment" date="2026-01-09T21:27:02.320" >
      <step title="DeploymentManager.GetResults" date="2026-01-09T21:27:02.330" /><!-- duration: 1250ms -->
    </step><!-- duration: 1278ms -->
  </step><!-- duration: 1306ms -->
  <step title="Outgoing response" date="2026-01-09T21:27:03.618" type="response" statusCode="202" statusText="Accepted" /><!-- duration: 20ms -->
</step><!-- duration: 1536ms -->
