<step title="BackgroundTrace" date="2026-01-09T17:33:39.530" instance="f07aec" url="/api/publish" method="POST" >
  <step title="Creating temporary deployment - FetchDeploymentManager" date="2026-01-09T17:33:39.636" /><!-- duration: 3ms -->
  <step title="Creating temporary deployment" date="2026-01-09T17:33:39.645" /><!-- duration: 128ms -->
  <step title="Performing fetch based deployment" date="2026-01-09T17:33:39.839" >
    <step title="Cleaning up temp folders from previous zip deployments and extracting pushed zip file /tmp/zipdeploy/b4723af9-74e7-41e6-94b5-879d596a0a8b.zip (14.91 MB) to /tmp/zipdeploy/extracted" date="2026-01-09T17:33:41.016" >
      <step title="ChmodRecursive Process exited with total time taken in ms: 304" date="2026-01-09T17:33:51.820" /><!-- duration: 14ms -->
    </step><!-- duration: 10832ms -->
    <step title="Deployment timer started" date="2026-01-09T17:33:53.876" >
      <step title="DeploymentManager.Deploy(id:d5c00258-398f-4e4b-bf3e-ef3529bded5b)" date="2026-01-09T17:33:53.884" >
        <step title="Collecting changeset information" date="2026-01-09T17:33:53.921" /><!-- duration: 119ms -->
        <step title="Updating submodules" date="2026-01-09T17:33:54.048" /><!-- duration: 1161ms -->
        <step title="Determining deployment builder" date="2026-01-09T17:33:55.457" >
          <step title="Builder is OneDeployBuilder" date="2026-01-09T17:33:55.489" /><!-- duration: 4ms -->
        </step><!-- duration: 40ms -->
        <step title="PreDeployment: context.CleanOutputPath False" date="2026-01-09T17:33:55.546" >
          <step title="PreDeployment: context.OutputPath /home/site/wwwroot" date="2026-01-09T17:33:55.681" >
            <step title="Building" date="2026-01-09T17:33:55.822" >
              <step title="Executing external process" date="2026-01-09T17:33:56.701" type="process" path="starter.sh" arguments="/opt/Kudu/Scripts/absoluteTar.sh /tmp/zipdeploy/extracted/node_modules /tmp/zipdeploy/extracted/node_modules.tar.gz" /><!-- duration: 12719ms -->
              <step title="Executing external process" date="2026-01-09T17:34:09.739" type="process" path="starter.sh" arguments="/opt/Kudu/Scripts/parallel_rsync.sh /tmp/zipdeploy/extracted /home/site/wwwroot 8 /tmp/ False False node_modules " /><!-- duration: 3698ms -->
              <step title="Modified file to trigger a restart of the app container." date="2026-01-09T17:34:14.419" /><!-- duration: 4ms -->
              <step title="Skip function trigger and logicapp sync because function is not enabled." date="2026-01-09T17:34:14.431" /><!-- duration: 4ms -->
            </step><!-- duration: 19466ms -->
          </step><!-- duration: 19616ms -->
          <step title="Cleaning up temp files" date="2026-01-09T17:34:15.300" /><!-- duration: 6ms -->
          <step title="Cleaning up temp files" date="2026-01-09T17:34:15.310" /><!-- duration: 508ms -->
          <step title="Reloading status file with latest updates" date="2026-01-09T17:34:15.953" >
            <step title="WebHooksManager.PublishEventAsync: PostDeployment" date="2026-01-09T17:34:16.022" /><!-- duration: 295ms -->
          </step><!-- duration: 373ms -->
          <step title="Cleaning up temporary deployment - fetch deployment was successful" date="2026-01-09T17:34:16.332" /><!-- duration: 4ms -->
        </step><!-- duration: 20848ms -->
      </step><!-- duration: 22530ms -->
