<step title="Incoming Request" date="2026-01-09T21:26:53.375" instance="38949c" url="/api/publish?async=true&amp;deployer=GITHUB_ONE_DEPLOY&amp;type=zip&amp;message=%7B%22type%22%3A%22deployment%22%2C%22sha%22%3A%227e968efdf19045cf7383ed75ccc0935ad254f67d%22%2C%22repoName%22%3A%22cooky667%2Fblobstorageapi%22%2C%22actor%22%3A%22cooky667%22%2C%22slotName%22%3A%22Production%22%2C%22commitMessage%22%3A%22API%3A%20add%20comprehensive%20error%20logging%20for%20chunked%20upload%20debugging%22%7D" method="POST" type="request" pid="853,1,29" Host="storagewebapp-e7aybcgsdad3hya7.scm.uksouth-01.azurewebsites.net" User-Agent="GITHUBACTIONS_DeployWebAppToAzure_618ad395445cc673173894fb9b5acb391e877c2027b830e7ec6356e2472f166d" Authorization="Bea..." Content-Type="application/octet-stream" Cookie="ARRAffinity=38949c4b114756bd7c43b83351207323f54ddbaae52cdb25fe8249c2ae421de3;Path=/;HttpOnly;Secure;Domain=storagewebapp-e7aybcgsdad3hya7.scm.uksouth-01.azurewebsites.net; ARRAffinitySameSite=38949c4b114756bd7c43b83351207323f54ddbaae52cdb25fe8249c2ae421de3;Path=/;HttpOnly;SameSite=None;Secure;Domain=storagewebapp-e7aybcgsdad3hya7.scm.uksouth-01.azurewebsites.net" Transfer-Encoding="chunked" X-ARR-LOG-ID="af2df09f-b7fc-4c67-904e-316b92dba6c5" CLIENT-IP="172.184.213.160:62465" X-SITE-DEPLOYMENT-ID="storagewebapp" WAS-DEFAULT-HOSTNAME="storagewebapp-e7aybcgsdad3hya7.scm.uksouth-01.azurewebsites.net" X-Forwarded-Proto="https" X-AppService-Proto="https" X-Forwarded-TlsVersion="1.3" X-WAWS-Unencoded-URL="/api/publish?async=true&amp;deployer=GITHUB_ONE_DEPLOY&amp;type=zip&amp;message=%7B%22type%22%3A%22deployment%22%2C%22sha%22%3A%227e968efdf19045cf7383ed75ccc0935ad254f67d%22%2C%22repoName%22%3A%22cooky667%2Fblobstorageapi%22%2C%22actor%22%3A%22cooky667%22%2C%22slotName%22%3A%22Production%22%2C%22commitMessage%22%3A%22API%3A%20add%20comprehensive%20error%20logging%20for%20chunked%20upload%20debugging%22%7D" X-Client-IP="172.184.213.160" X-Client-Port="62465" >
  <step title="Cleanup Xml Logs" date="2026-01-09T21:26:53.381" >
    <step title="Cleanup Infos" date="2026-01-09T21:26:53.388" totalFiles="261" totalCleanup="101" /><!-- duration: 4ms -->
  </step><!-- duration: 14ms -->
  <step title="OneDeploy" date="2026-01-09T21:26:53.411" >
    <step title="Starting PushDeployAsync" date="2026-01-09T21:26:53.420" /><!-- duration: 2ms -->
    <step title="Removing node_modules symlink" date="2026-01-09T21:26:53.433" >
      <step title="Writing artifact to /tmp/zipdeploy/d291eec5-d9fc-4590-b887-3965866ebae5.zip" date="2026-01-09T21:26:53.524" >
        <step title="Writing multipart request body to /tmp/zipdeploy/d291eec5-d9fc-4590-b887-3965866ebae5.zip" date="2026-01-09T21:26:53.527" /><!-- duration: 15ms -->
      </step><!-- duration: 1037ms -->
      <step title="Start deployment in the background" date="2026-01-09T21:26:54.573" >
        <step title="Acquiring Deployment Lock" date="2026-01-09T21:26:54.597" /><!-- duration: 3ms -->
        <step title="Acquired Deployment Lock" date="2026-01-09T21:26:54.629" /><!-- duration: 3ms -->
      </step><!-- duration: 159ms -->
    </step><!-- duration: 1304ms -->
    <step title="Outgoing response" date="2026-01-09T21:26:54.740" type="response" statusCode="202" statusText="Accepted" /><!-- duration: 3ms -->
  </step><!-- duration: 1337ms -->
