<step title="BackgroundTrace" date="2026-01-09T12:17:10.856" instance="f07aec" url="/api/publish" method="POST" >
  <step title="Creating temporary deployment - FetchDeploymentManager" date="2026-01-09T12:17:11.022" /><!-- duration: 6ms -->
  <step title="Creating temporary deployment" date="2026-01-09T12:17:11.048" /><!-- duration: 421ms -->
  <step title="Performing fetch based deployment" date="2026-01-09T12:17:11.860" >
    <step title="Cleaning up temp folders from previous zip deployments and extracting pushed zip file /tmp/zipdeploy/90b45acc-0f8a-4364-a6d2-f0493595526d.zip (14.90 MB) to /tmp/zipdeploy/extracted" date="2026-01-09T12:17:15.587" >
      <step title="ChmodRecursive Process exited with total time taken in ms: 356" date="2026-01-09T12:17:41.454" /><!-- duration: 28ms -->
    </step><!-- duration: 25902ms -->
    <step title="Deployment timer started" date="2026-01-09T12:17:43.531" >
      <step title="DeploymentManager.Deploy(id:13f822d9-316b-4cf1-8c23-67d3e77a09e4)" date="2026-01-09T12:17:43.605" >
        <step title="Collecting changeset information" date="2026-01-09T12:17:43.710" /><!-- duration: 266ms -->
        <step title="Updating submodules" date="2026-01-09T12:17:44.019" /><!-- duration: 1377ms -->
        <step title="Determining deployment builder" date="2026-01-09T12:17:45.884" >
          <step title="Builder is OneDeployBuilder" date="2026-01-09T12:17:45.978" /><!-- duration: 4ms -->
        </step><!-- duration: 120ms -->
        <step title="PreDeployment: context.CleanOutputPath False" date="2026-01-09T12:17:46.101" >
          <step title="PreDeployment: context.OutputPath /home/site/wwwroot" date="2026-01-09T12:17:46.549" >
            <step title="Building" date="2026-01-09T12:17:47.047" >
              <step title="Executing external process" date="2026-01-09T12:17:48.716" type="process" path="starter.sh" arguments="/opt/Kudu/Scripts/absoluteTar.sh /tmp/zipdeploy/extracted/node_modules /tmp/zipdeploy/extracted/node_modules.tar.gz" /><!-- duration: 13014ms -->
              <step title="Executing external process" date="2026-01-09T12:18:03.597" type="process" path="starter.sh" arguments="/opt/Kudu/Scripts/parallel_rsync.sh /tmp/zipdeploy/extracted /home/site/wwwroot 8 /tmp/ False False node_modules " /><!-- duration: 7497ms -->
              <step title="Modified file to trigger a restart of the app container." date="2026-01-09T12:18:12.951" /><!-- duration: 29ms -->
              <step title="Skip function trigger and logicapp sync because function is not enabled." date="2026-01-09T12:18:13.002" /><!-- duration: 5ms -->
            </step><!-- duration: 27104ms -->
          </step><!-- duration: 27609ms -->
          <step title="Cleaning up temp files" date="2026-01-09T12:18:14.161" /><!-- duration: 9ms -->
          <step title="Cleaning up temp files" date="2026-01-09T12:18:14.249" /><!-- duration: 513ms -->
          <step title="Reloading status file with latest updates" date="2026-01-09T12:18:14.912" >
            <step title="WebHooksManager.PublishEventAsync: PostDeployment" date="2026-01-09T12:18:14.924" /><!-- duration: 176ms -->
          </step><!-- duration: 193ms -->
          <step title="Cleaning up temporary deployment - fetch deployment was successful" date="2026-01-09T12:18:15.117" /><!-- duration: 16ms -->
        </step><!-- duration: 29122ms -->
      </step><!-- duration: 31653ms -->
