<step title="Incoming Request" date="2026-01-09T20:46:09.151" instance="38949c" url="/api/deployments/latest?deployer=OneDeploy&amp;time=2026-01-09_20-45-39Z" method="GET" type="request" pid="853,1,31" Host="storagewebapp-e7aybcgsdad3hya7.scm.uksouth-01.azurewebsites.net" User-Agent="GITHUBACTIONS_DeployWebAppToAzure_618ad395445cc673173894fb9b5acb391e877c2027b830e7ec6356e2472f166d" Authorization="Bea..." Content-Type="application/json; charset=utf-8" Cookie="ARRAffinity=38949c4b114756bd7c43b83351207323f54ddbaae52cdb25fe8249c2ae421de3;Path=/;HttpOnly;Secure;Domain=storagewebapp-e7aybcgsdad3hya7.scm.uksouth-01.azurewebsites.net; ARRAffinitySameSite=38949c4b114756bd7c43b83351207323f54ddbaae52cdb25fe8249c2ae421de3;Path=/;HttpOnly;SameSite=None;Secure;Domain=storagewebapp-e7aybcgsdad3hya7.scm.uksouth-01.azurewebsites.net" Content-Length="0" X-ARR-LOG-ID="80dcb342-bf4b-48fa-80a5-58680a157714" CLIENT-IP="52.154.131.102:20545" X-SITE-DEPLOYMENT-ID="storagewebapp" WAS-DEFAULT-HOSTNAME="storagewebapp-e7aybcgsdad3hya7.scm.uksouth-01.azurewebsites.net" X-Forwarded-Proto="https" X-AppService-Proto="https" X-Forwarded-TlsVersion="1.3" X-WAWS-Unencoded-URL="/api/deployments/latest?deployer=OneDeploy&amp;time=2026-01-09_20-45-39Z" X-Client-IP="52.154.131.102" X-Client-Port="20545" >
  <step title="Cleanup Xml Logs" date="2026-01-09T20:46:09.191" >
    <step title="Cleanup Infos" date="2026-01-09T20:46:09.309" totalFiles="217" totalCleanup="57" /><!-- duration: 13ms -->
  </step><!-- duration: 140ms -->
  <step title="DeploymentService.GetResult" date="2026-01-09T20:46:09.341" >
    <step title="DeploymentService.GetLatestDeployment" date="2026-01-09T20:46:09.346" >
      <step title="DeploymentManager.GetResults" date="2026-01-09T20:46:09.351" /><!-- duration: 1605ms -->
    </step><!-- duration: 1613ms -->
  </step><!-- duration: 1621ms -->
  <step title="Outgoing response" date="2026-01-09T20:46:10.965" type="response" statusCode="202" statusText="Accepted" /><!-- duration: 9ms -->
</step><!-- duration: 1834ms -->
