<step title="Incoming Request" date="2026-01-09T17:53:38.364" instance="f07aec" url="/api/publish?async=true&amp;deployer=GITHUB_ONE_DEPLOY&amp;type=zip&amp;message=%7B%22type%22%3A%22deployment%22%2C%22sha%22%3A%22462e611fe5308ddec55643096693b9c7e5a8ec3e%22%2C%22repoName%22%3A%22cooky667%2Fblobstorageapi%22%2C%22actor%22%3A%22cooky667%22%2C%22slotName%22%3A%22Production%22%2C%22commitMessage%22%3A%22API%3A%20implement%20streaming%20multipart%20upload%20for%20large%20files%22%7D" method="POST" type="request" pid="853,1,23" Host="storagewebapp-e7aybcgsdad3hya7.scm.uksouth-01.azurewebsites.net" User-Agent="GITHUBACTIONS_DeployWebAppToAzure_618ad395445cc673173894fb9b5acb391e877c2027b830e7ec6356e2472f166d" Authorization="Bea..." Content-Type="application/octet-stream" Cookie="ARRAffinity=f07aec79734d8bf10f3fd4121c637821b5012b69243d980eeadb0c647194e673;Path=/;HttpOnly;Secure;Domain=storagewebapp-e7aybcgsdad3hya7.scm.uksouth-01.azurewebsites.net; ARRAffinitySameSite=f07aec79734d8bf10f3fd4121c637821b5012b69243d980eeadb0c647194e673;Path=/;HttpOnly;SameSite=None;Secure;Domain=storagewebapp-e7aybcgsdad3hya7.scm.uksouth-01.azurewebsites.net" Transfer-Encoding="chunked" X-ARR-LOG-ID="7e542503-d342-4c04-b4b2-7c747c411ed5" CLIENT-IP="20.161.69.34:42001" X-SITE-DEPLOYMENT-ID="storagewebapp" WAS-DEFAULT-HOSTNAME="storagewebapp-e7aybcgsdad3hya7.scm.uksouth-01.azurewebsites.net" X-Forwarded-Proto="https" X-AppService-Proto="https" X-Forwarded-TlsVersion="1.3" X-WAWS-Unencoded-URL="/api/publish?async=true&amp;deployer=GITHUB_ONE_DEPLOY&amp;type=zip&amp;message=%7B%22type%22%3A%22deployment%22%2C%22sha%22%3A%22462e611fe5308ddec55643096693b9c7e5a8ec3e%22%2C%22repoName%22%3A%22cooky667%2Fblobstorageapi%22%2C%22actor%22%3A%22cooky667%22%2C%22slotName%22%3A%22Production%22%2C%22commitMessage%22%3A%22API%3A%20implement%20streaming%20multipart%20upload%20for%20large%20files%22%7D" X-Client-IP="20.161.69.34" X-Client-Port="42001" >
  <step title="Cleanup Xml Logs" date="2026-01-09T17:53:38.391" /><!-- duration: 30ms -->
  <step title="OneDeploy" date="2026-01-09T17:53:38.493" >
    <step title="Starting PushDeployAsync" date="2026-01-09T17:53:38.532" /><!-- duration: 19ms -->
    <step title="Removing node_modules symlink" date="2026-01-09T17:53:38.577" >
      <step title="Writing artifact to /tmp/zipdeploy/420ab6f9-f9cc-4a3c-abef-4cba5160a6f1.zip" date="2026-01-09T17:53:38.654" >
        <step title="Writing multipart request body to /tmp/zipdeploy/420ab6f9-f9cc-4a3c-abef-4cba5160a6f1.zip" date="2026-01-09T17:53:38.659" /><!-- duration: 47ms -->
      </step><!-- duration: 729ms -->
      <step title="Start deployment in the background" date="2026-01-09T17:53:39.400" >
        <step title="Acquiring Deployment Lock" date="2026-01-09T17:53:39.427" /><!-- duration: 4ms -->
        <step title="Acquired Deployment Lock" date="2026-01-09T17:53:39.468" /><!-- duration: 9ms -->
      </step><!-- duration: 197ms -->
    </step><!-- duration: 1028ms -->
    <step title="Outgoing response" date="2026-01-09T17:53:39.610" type="response" statusCode="202" statusText="Accepted" /><!-- duration: 4ms -->
  </step><!-- duration: 1125ms -->
