<step title="BackgroundTrace" date="2026-01-09T21:26:54.577" instance="38949c" url="/api/publish" method="POST" >
  <step title="Creating temporary deployment - FetchDeploymentManager" date="2026-01-09T21:26:54.634" /><!-- duration: 2ms -->
  <step title="Creating temporary deployment" date="2026-01-09T21:26:54.639" /><!-- duration: 90ms -->
  <step title="Performing fetch based deployment" date="2026-01-09T21:26:54.754" >
    <step title="Cleaning up temp folders from previous zip deployments and extracting pushed zip file /tmp/zipdeploy/d291eec5-d9fc-4590-b887-3965866ebae5.zip (14.95 MB) to /tmp/zipdeploy/extracted" date="2026-01-09T21:26:55.977" >
      <step title="ChmodRecursive Process exited with total time taken in ms: 388" date="2026-01-09T21:27:06.229" /><!-- duration: 4ms -->
    </step><!-- duration: 10284ms -->
    <step title="Deployment timer started" date="2026-01-09T21:27:08.315" >
      <step title="DeploymentManager.Deploy(id:7f7d6991-e490-429b-973e-30b28fc85006)" date="2026-01-09T21:27:08.447" >
        <step title="Collecting changeset information" date="2026-01-09T21:27:08.604" /><!-- duration: 208ms -->
        <step title="Updating submodules" date="2026-01-09T21:27:08.817" /><!-- duration: 1179ms -->
        <step title="Determining deployment builder" date="2026-01-09T21:27:11.034" >
          <step title="Builder is OneDeployBuilder" date="2026-01-09T21:27:11.075" /><!-- duration: 21ms -->
        </step><!-- duration: 80ms -->
        <step title="PreDeployment: context.CleanOutputPath False" date="2026-01-09T21:27:11.207" >
          <step title="PreDeployment: context.OutputPath /home/site/wwwroot" date="2026-01-09T21:27:11.407" >
            <step title="Building" date="2026-01-09T21:27:11.681" >
              <step title="Executing external process" date="2026-01-09T21:27:13.077" type="process" path="starter.sh" arguments="/opt/Kudu/Scripts/absoluteTar.sh /tmp/zipdeploy/extracted/node_modules /tmp/zipdeploy/extracted/node_modules.tar.gz" /><!-- duration: 21316ms -->
              <step title="Executing external process" date="2026-01-09T21:27:35.012" type="process" path="starter.sh" arguments="/opt/Kudu/Scripts/parallel_rsync.sh /tmp/zipdeploy/extracted /home/site/wwwroot 8 /tmp/ False False node_modules " /><!-- duration: 3133ms -->
              <step title="Modified file to trigger a restart of the app container." date="2026-01-09T21:27:39.119" /><!-- duration: 6ms -->
              <step title="Skip function trigger and logicapp sync because function is not enabled." date="2026-01-09T21:27:39.129" /><!-- duration: 3ms -->
              <step title="Purge deployment items" date="2026-01-09T21:27:40.223" >
                <step title="Remove 07710536-, Success, received at 01/09/2026 19:39:06" date="2026-01-09T21:27:40.282" /><!-- duration: 8ms -->
              </step><!-- duration: 70ms -->
            </step><!-- duration: 28670ms -->
          </step><!-- duration: 28947ms -->
          <step title="Cleaning up temp files" date="2026-01-09T21:27:40.357" /><!-- duration: 3ms -->
          <step title="Cleaning up temp files" date="2026-01-09T21:27:40.363" /><!-- duration: 511ms -->
          <step title="Reloading status file with latest updates" date="2026-01-09T21:27:40.964" >
            <step title="WebHooksManager.PublishEventAsync: PostDeployment" date="2026-01-09T21:27:40.977" /><!-- duration: 66ms -->
          </step><!-- duration: 84ms -->
          <step title="Cleaning up temporary deployment - fetch deployment was successful" date="2026-01-09T21:27:41.055" /><!-- duration: 5ms -->
        </step><!-- duration: 30194ms -->
      </step><!-- duration: 32970ms -->
