<step title="BackgroundTrace" date="2026-01-09T19:28:10.353" instance="38949c" url="/api/publish" method="POST" >
  <step title="Creating temporary deployment - FetchDeploymentManager" date="2026-01-09T19:28:10.448" /><!-- duration: 2ms -->
  <step title="Creating temporary deployment" date="2026-01-09T19:28:10.454" /><!-- duration: 83ms -->
  <step title="Performing fetch based deployment" date="2026-01-09T19:28:10.565" >
    <step title="Cleaning up temp folders from previous zip deployments and extracting pushed zip file /tmp/zipdeploy/82838c0a-8640-4b0d-ae9e-f6ba9d2b4946.zip (14.95 MB) to /tmp/zipdeploy/extracted" date="2026-01-09T19:28:11.758" >
      <step title="ChmodRecursive Process exited with total time taken in ms: 351" date="2026-01-09T19:28:21.301" /><!-- duration: 5ms -->
    </step><!-- duration: 9578ms -->
    <step title="Deployment timer started" date="2026-01-09T19:28:23.370" >
      <step title="DeploymentManager.Deploy(id:8a331927-6d04-48f3-b35c-08f86013309c)" date="2026-01-09T19:28:23.373" >
        <step title="Collecting changeset information" date="2026-01-09T19:28:23.412" /><!-- duration: 99ms -->
        <step title="Updating submodules" date="2026-01-09T19:28:23.524" /><!-- duration: 1142ms -->
        <step title="Determining deployment builder" date="2026-01-09T19:28:24.867" >
          <step title="Builder is OneDeployBuilder" date="2026-01-09T19:28:24.891" /><!-- duration: 3ms -->
        </step><!-- duration: 29ms -->
        <step title="PreDeployment: context.CleanOutputPath False" date="2026-01-09T19:28:24.929" >
          <step title="PreDeployment: context.OutputPath /home/site/wwwroot" date="2026-01-09T19:28:25.022" >
            <step title="Building" date="2026-01-09T19:28:25.167" >
              <step title="Executing external process" date="2026-01-09T19:28:25.905" type="process" path="starter.sh" arguments="/opt/Kudu/Scripts/absoluteTar.sh /tmp/zipdeploy/extracted/node_modules /tmp/zipdeploy/extracted/node_modules.tar.gz" /><!-- duration: 7438ms -->
              <step title="Executing external process" date="2026-01-09T19:28:34.008" type="process" path="starter.sh" arguments="/opt/Kudu/Scripts/parallel_rsync.sh /tmp/zipdeploy/extracted /home/site/wwwroot 8 /tmp/ False False node_modules " /><!-- duration: 2418ms -->
              <step title="Modified file to trigger a restart of the app container." date="2026-01-09T19:28:37.196" /><!-- duration: 3ms -->
              <step title="Skip function trigger and logicapp sync because function is not enabled." date="2026-01-09T19:28:37.203" /><!-- duration: 3ms -->
              <step title="Purge deployment items" date="2026-01-09T19:28:38.304" >
                <step title="Remove f0a494b0-, Success, received at 01/09/2026 17:02:41" date="2026-01-09T19:28:38.352" /><!-- duration: 3ms -->
              </step><!-- duration: 58ms -->
            </step><!-- duration: 13251ms -->
          </step><!-- duration: 13400ms -->
          <step title="Cleaning up temp files" date="2026-01-09T19:28:38.425" /><!-- duration: 3ms -->
          <step title="Cleaning up temp files" date="2026-01-09T19:28:38.430" /><!-- duration: 504ms -->
          <step title="Reloading status file with latest updates" date="2026-01-09T19:28:38.954" >
            <step title="WebHooksManager.PublishEventAsync: PostDeployment" date="2026-01-09T19:28:38.957" /><!-- duration: 43ms -->
          </step><!-- duration: 49ms -->
          <step title="Cleaning up temporary deployment - fetch deployment was successful" date="2026-01-09T19:28:39.007" /><!-- duration: 3ms -->
        </step><!-- duration: 14138ms -->
      </step><!-- duration: 15729ms -->
